Workbook

Sheet Read Me
A1: 220 English Chunks · Two Learner Paths
A3: What this is | B3: All 220 chunks built in this project, covering all 23 chunk types, ordered two ways: one path for true beginners and one for learners who know grammar but freeze when speaking.
A4: Path A: Beginner | B4: Follows the 5-level research order from chunk-learning-priority.md: Survival → Slot stems → Collocations & fillers → Connectors → Idioms. Goal-based chunks are added on demand.
A5: Path B: Knows grammar | B5: For the typical Speak Sarthi learner. Starts by stopping the freeze (repair + fillers), then fixes the errors listeners notice (prepositions, question word order, politeness), skims Levels 1–2, then joins the research order at Level 3.
A6: How the order works | B6: Within each stage: easiest CEFR level first (A1 → A2 → B1), then by chunk type. The # columns give the full teaching sequence 1–220 for each path.
A8: Sheets
A9: Path A – Beginner | B9: All 220 chunks sorted in Path A order.
A10: Path B – Knows Grammar | B10: The same 220 chunks sorted in Path B order.
A11: Summary | B11: Live chunk counts per stage, per type and per CEFR level (formulas).
A13: Filtering tip | B13: Both data sheets have filters on the header row. Filter by Type, CEFR or either path's stage.
A15: Slot column | B15: What the learner fills in to complete the chunk: base verb, -ing verb, noun, clause, past participle, etc. 'No slot' means the chunk is used as it is (only tense or person may change).
A16: Gap-fill question + Answer | B16: One ready question per chunk. Three styles, chosen by type: (1) blank the slot and give the verb in brackets, testing the grammar after the chunk; (2) blank a word inside the chunk, testing the fixed partner (for, make/do, pepper); (3) a situation prompt with the key word blanked, testing recall of whole lines.
A18: Judgement calls
A19: Eight types placed by Claude | B19: The research doc does not mention Short replies, Polite softeners, Dependent prepositions, Topic, Reactions, Agreeing & disagreeing, Binomials, Situational or Formal & written. Their placement is Claude's judgement, not the doc's.
A20: Phrasal verbs | B20: The doc sends phrasal verbs with tricky meanings to Level 5. Here all phrasal verbs stay in Level 3 because they are very frequent (give up, look after). The non-obvious ones are flagged in the Meaning / Watch out column instead.
A21: CEFR levels | B21: A1/A2/B1 tags are estimates, not taken from a frequency corpus or official CEFR wordlist.
A22: Research figures | B22: Statistics quoted in chunk-learning-priority.md have not been re-checked against the original papers. Verify before publishing them.
A24: Path A stages
A25: Level 1 · Survival chunks | B25: Keep any conversation going and turn it into a lesson. Types: Clarification & repair, Openers & closers, Fixed expressions, Short replies
A26: Level 2 · Slot stems | B26: Highest return: each stem carries grammar and makes many sentences. Types: Sentence frames, Question frames, Grammatical chunks, Opinion, Polite softeners
A27: Level 3 · Collocations & fillers | B27: The most frequent word groups in real speech. Types: Collocations, Polywords, Fillers & time-buyers, Phrasal verbs, Dependent prepositions, Topic, Reactions, Agreeing & disagreeing, Binomials
A28: Level 4 · Connectors | B28: Link short sentences into longer speech. Types: Discourse markers
A29: Level 5 · Idioms | B29: Understand first, use last. Types: Idioms, Proverbs & sayings
A30: On demand · Goal-based | B30: Add when a real need appears: interview, phone, email. Types: Situational, Formal & written
A32: Path B stages
A33: Stage 1 · Unfreeze | B33: Stop the freeze: never go silent, always have a way to recover. Types: Clarification & repair, Fillers & time-buyers
A34: Stage 2 · Fix errors people notice | B34: The mistakes a listener hears immediately. Types: Dependent prepositions, Question frames, Polite softeners
A35: Stage 3 · Skim the basics | B35: Quick check of Levels 1–2; these learners often know them already. Types: Openers & closers, Fixed expressions, Short replies, Sentence frames, Grammatical chunks, Opinion
A36: Stage 4 · Collocations & natural speech | B36: Joins the research order at Level 3. Types: Collocations, Polywords, Phrasal verbs, Topic, Reactions, Agreeing & disagreeing, Binomials
A37: Stage 5 · Connectors | B37: Link short sentences into longer speech. Types: Discourse markers
A38: Stage 6 · Idioms | B38: Understand first, use last. Types: Idioms, Proverbs & sayings
A39: On demand · Goal-based | B39: Add when a real need appears: interview, phone, email. Types: Situational, Formal & written

Sheet Path A – Beginner
A1: Path A # | B1: Path A: Beginner | C1: Path B # | D1: Path B: Knows grammar, can't speak | E1: Chunk | F1: Type | G1: CEFR | H1: Slot | I1: Example / When to use | J1: Meaning / Watch out | K1: Gap-fill question | L1: Answer
A2: 1 | B2: Level 1 · Survival chunks | C2: 1 | D2: Stage 1 · Unfreeze | E2: Sorry, could you say that again? | F2: Clarification & repair | G2: A1 | H2: No slot | I2: When you missed what someone said | K2: You didn't hear the teacher. Say: "Sorry, could you say that ___?" | L2: again
A3: 2 | B3: Level 1 · Survival chunks | C3: 44 | D3: Stage 3 · Skim the basics | E3: How's it going? | F3: Openers & closers | G3: A1 | H3: No slot | I3: Hi Ravi, how's it going? | K3: Hi Ravi, how's it ___? | L3: going
A4: 3 | B4: Level 1 · Survival chunks | C4: 45 | D4: Stage 3 · Skim the basics | E4: Nice to meet you. | F4: Openers & closers | G4: A1 | H4: No slot | I4: I'm Sana. Nice to meet you. | K4: I'm Sana. Nice to ___ you. | L4: meet
A5: 4 | B5: Level 1 · Survival chunks | C5: 46 | D5: Stage 3 · Skim the basics | E5: What do you do? | F5: Openers & closers | G5: A1 | H5: No slot | I5: Asking about someone's job | J5: Means 'What is your job?', not 'What are you doing now?' | K5: You want to know someone's job. Ask: "What do you ___?" | L5: do
A6: 5 | B6: Level 1 · Survival chunks | C6: 47 | D6: Stage 3 · Skim the basics | E6: No problem. | F6: Fixed expressions | G6: A1 | H6: No slot | I6: Replying to thanks or a request | K6: "Thanks for waiting." "No ___." | L6: problem
A7: 6 | B7: Level 1 · Survival chunks | C7: 48 | D7: Stage 3 · Skim the basics | E7: You're welcome. | F7: Fixed expressions | G7: A1 | H7: No slot | I7: Replying to "thank you" | K7: "Thank you!" "You're ___." | L7: welcome
A8: 7 | B8: Level 1 · Survival chunks | C8: 49 | D8: Stage 3 · Skim the basics | E8: Good luck! | F8: Fixed expressions | G8: A1 | H8: No slot | I8: Before someone's exam or interview | K8: Your friend has an interview today. Say: "Good ___!" | L8: luck
A9: 8 | B9: Level 1 · Survival chunks | C9: 50 | D9: Stage 3 · Skim the basics | E9: Take care. | F9: Fixed expressions | G9: A1 | H9: No slot | I9: Ending a call or meeting | K9: Ending a call: "Bye, take ___." | L9: care
A10: 9 | B10: Level 1 · Survival chunks | C10: 51 | D10: Stage 3 · Skim the basics | E10: Same to you. | F10: Fixed expressions | G10: A1 | H10: No slot | I10: Returning a wish ("Happy Diwali!") | K10: "Happy Diwali!" "Same ___ you." | L10: to
A11: 10 | B11: Level 1 · Survival chunks | C11: 52 | D11: Stage 3 · Skim the basics | E11: I hope so. | F11: Short replies | G11: A1 | H11: No slot | I11: "Will it be sunny tomorrow?" "I hope so." | J11: Not "I hope yes" | K11: "Will it be sunny tomorrow?" "I hope ___." | L11: so
A12: 11 | B12: Level 1 · Survival chunks | C12: 53 | D12: Stage 3 · Skim the basics | E12: I don't think so. | F12: Short replies | G12: A1 | H12: No slot | I12: "Is the shop open?" "I don't think so." | J12: Not "I think no" | K12: "Is the shop open?" "I don't think ___." | L12: so
A13: 12 | B13: Level 1 · Survival chunks | C13: 54 | D13: Stage 3 · Skim the basics | E13: Not yet. | F13: Short replies | G13: A1 | H13: No slot | I13: "Have you eaten?" "Not yet." | K13: "Have you eaten?" "Not ___." | L13: yet
A14: 13 | B14: Level 1 · Survival chunks | C14: 55 | D14: Stage 3 · Skim the basics | E14: Sure, go ahead. | F14: Short replies | G14: A1 | H14: No slot | I14: "Can I use your phone?" "Sure, go ahead." | K14: "Can I use your phone?" "Sure, go ___." | L14: ahead
A15: 14 | B15: Level 1 · Survival chunks | C15: 4 | D15: Stage 1 · Unfreeze | E15: What do you mean by…? | F15: Clarification & repair | G15: A2 | H15: noun | I15: What do you mean by 'deadline'? | K15: What do you ___ by 'deadline'? | L15: mean
A16: 15 | B16: Level 1 · Survival chunks | C16: 61 | D16: Stage 3 · Skim the basics | E16: Never mind. | F16: Fixed expressions | G16: A2 | H16: No slot | I16: It's not important, forget it. | K16: "Sorry, what did you say?" "Oh, never ___. It's not important." | L16: mind
A17: 16 | B17: Level 1 · Survival chunks | C17: 62 | D17: Stage 3 · Skim the basics | E17: It depends. | F17: Fixed expressions | G17: A2 | H17: No slot | I17: When the answer isn't yes or no | K17: "Is it far?" "It ___. By car, no. On foot, yes." | L17: depends
A18: 17 | B18: Level 1 · Survival chunks | C18: 63 | D18: Stage 3 · Skim the basics | E18: Sounds good. | F18: Short replies | G18: A2 | H18: No slot | I18: "Let's meet at six." "Sounds good." | K18: "Let's meet at six." "Sounds ___." | L18: good
A19: 18 | B19: Level 1 · Survival chunks | C19: 64 | D19: Stage 3 · Skim the basics | E19: I guess so. | F19: Short replies | G19: A2 | H19: No slot | I19: "Is this the right bus?" "I guess so." | K19: "Is this the right bus?" "I ___ so." | L19: guess (think also works)
A20: 19 | B20: Level 1 · Survival chunks | C20: 65 | D20: Stage 3 · Skim the basics | E20: Not really. | F20: Short replies | G20: A2 | H20: No slot | I20: "Are you tired?" "Not really." | K20: "Are you tired?" "Not ___." | L20: really
A21: 20 | B21: Level 1 · Survival chunks | C21: 66 | D21: Stage 3 · Skim the basics | E21: I'd love to. | F21: Short replies | G21: A2 | H21: No slot | I21: "Want to join us for dinner?" "I'd love to." | K21: "Want to join us for dinner?" "I'd ___ to." | L21: love
A22: 21 | B22: Level 1 · Survival chunks | C22: 67 | D22: Stage 3 · Skim the basics | E22: Why not? | F22: Short replies | G22: A2 | H22: No slot | I22: "Shall we try the new café?" "Why not?" | J22: Here = yes, let's | K22: "Shall we try the new café?" "Why ___?" | L22: not
A23: 22 | B23: Level 1 · Survival chunks | C23: 6 | D23: Stage 1 · Unfreeze | E23: Let me put it another way. | F23: Clarification & repair | G23: B1 | H23: No slot | I23: When your first sentence came out wrong | K23: Your sentence came out wrong. Say: "Let me put it ___ way." | L23: another
A24: 23 | B24: Level 1 · Survival chunks | C24: 7 | D24: Stage 1 · Unfreeze | E24: I'm not sure how to say this, but… | F24: Clarification & repair | G24: B1 | H24: clause | I24: …but I think we need more time. | K24: I'm not sure how to ___ this, but I think we need more time. | L24: say
A25: 24 | B25: Level 1 · Survival chunks | C25: 82 | D25: Stage 3 · Skim the basics | E25: It's up to you. | F25: Fixed expressions | G25: B1 | H25: No slot | I25: Letting the other person decide | K25: "Tea or coffee?" "I don't mind. It's up ___ you." | L25: to
A26: 25 | B26: Level 1 · Survival chunks | C26: 83 | D26: Stage 3 · Skim the basics | E26: I'm afraid not. | F26: Fixed expressions | G26: B1 | H26: No slot | I26: A polite "no" | K26: "Is there any milk left?" "I'm ___ not." | L26: afraid
A27: 26 | B27: Level 1 · Survival chunks | C27: 84 | D27: Stage 3 · Skim the basics | E27: Better late than never. | F27: Fixed expressions | G27: B1 | H27: No slot | I27: When something finally happens | K27: Better late ___ never. | L27: than
A28: 27 | B28: Level 1 · Survival chunks | C28: 85 | D28: Stage 3 · Skim the basics | E28: Fair enough. | F28: Short replies | G28: B1 | H28: No slot | I28: "I can't come; I have an exam." "Fair enough." | J28: Means: that's reasonable | K28: "I can't come; I have an exam." "Fair ___." | L28: enough
A29: 28 | B29: Level 2 · Slot stems | C29: 56 | D29: Stage 3 · Skim the basics | E29: Let's… | F29: Sentence frames | G29: A1 | H29: base verb | I29: Let's meet at six. | K29: Let's ___ (meet) at six. | L29: meet
A30: 29 | B30: Level 2 · Slot stems | C30: 57 | D30: Stage 3 · Skim the basics | E30: I need to… | F30: Sentence frames | G30: A1 | H30: base verb | I30: I need to buy a new phone. | K30: I need ___ (buy) a new phone. | L30: to buy
A31: 30 | B31: Level 2 · Slot stems | C31: 12 | D31: Stage 2 · Fix errors people notice | E31: Can you help me with…? | F31: Question frames | G31: A1 | H31: noun | I31: Can you help me with this bag? | K31: Can you help me ___ this bag? | L31: with
A32: 31 | B32: Level 2 · Slot stems | C32: 13 | D32: Stage 2 · Fix errors people notice | E32: What time does…? | F32: Question frames | G32: A1 | H32: base verb | I32: What time does the shop open? | J32: Not "What time the shop opens?" | K32: What time ___ the shop open? | L32: does
A33: 32 | B33: Level 2 · Slot stems | C33: 14 | D33: Stage 2 · Fix errors people notice | E33: How much is / are…? | F33: Question frames | G33: A1 | H33: noun | I33: How much are these shoes? | J33: Not "How much these shoes?" | K33: How much ___ these shoes? | L33: are
A34: 33 | B34: Level 2 · Slot stems | C34: 15 | D34: Stage 2 · Fix errors people notice | E34: Where can I…? | F34: Question frames | G34: A1 | H34: base verb | I34: Where can I buy a SIM card? | J34: Not "Where I can buy…?" | K34: Put in order (I / can / where): "___ buy a SIM card?" | L34: Where can I
A35: 34 | B35: Level 2 · Slot stems | C35: 58 | D35: Stage 3 · Skim the basics | E35: I'm going to… | F35: Grammatical chunks | G35: A1 | H35: base verb | I35: I'm going to visit my uncle. | J35: Future plan | K35: I'm going ___ (visit) my uncle. | L35: to visit
A36: 35 | B36: Level 2 · Slot stems | C36: 59 | D36: Stage 3 · Skim the basics | E36: There is / There are… | F36: Grammatical chunks | G36: A1 | H36: noun | I36: There are two banks near my house. | J36: Singular vs plural | K36: There ___ two banks near my house. | L36: are
A37: 36 | B37: Level 2 · Slot stems | C37: 60 | D37: Stage 3 · Skim the basics | E37: I think… | F37: Opinion | G37: A1 | H37: clause | I37: I think this plan is good. | K37: Give your opinion: "I ___ this plan is good." | L37: think
A38: 37 | B38: Level 2 · Slot stems | C38: 16 | D38: Stage 2 · Fix errors people notice | E38: Could I…? | F38: Polite softeners | G38: A1 | H38: base verb | I38: Could I borrow a pen? | J38: Too direct: "Give me a pen." | K38: Ask politely: "___ I borrow a pen?" | L38: Could (May also works)
A39: 38 | B39: Level 2 · Slot stems | C39: 17 | D39: Stage 2 · Fix errors people notice | E39: Would you like…? | F39: Polite softeners | G39: A1 | H39: noun or to + verb | I39: Would you like some tea? | J39: Too direct: "Take tea." | K39: Would you ___ some tea? | L39: like
A40: 39 | B40: Level 2 · Slot stems | C40: 68 | D40: Stage 3 · Skim the basics | E40: So, tell me about… | F40: Sentence frames | G40: A2 | H40: noun | I40: So, tell me about your new job. | K40: So, tell me ___ your new job. | L40: about
A41: 40 | B41: Level 2 · Slot stems | C41: 69 | D41: Stage 3 · Skim the basics | E41: I'm working on… | F41: Sentence frames | G41: A2 | H41: noun | I41: I'm working on a new project. | K41: I'm working ___ a new project. | L41: on
A42: 41 | B42: Level 2 · Slot stems | C42: 70 | D42: Stage 3 · Skim the basics | E42: I'm planning to… | F42: Sentence frames | G42: A2 | H42: base verb | I42: I'm planning to learn driving. | K42: I'm planning ___ (learn) driving. | L42: to learn
A43: 42 | B43: Level 2 · Slot stems | C43: 71 | D43: Stage 3 · Skim the basics | E43: Is it okay if I…? | F43: Sentence frames | G43: A2 | H43: base verb | I43: Is it okay if I leave early? | K43: Is it okay if I ___ (leave) early? | L43: leave
A44: 43 | B44: Level 2 · Slot stems | C44: 72 | D44: Stage 3 · Skim the basics | E44: How about + -ing…? | F44: Sentence frames | G44: A2 | H44: -ing verb | I44: How about going for a walk? | J44: Verb takes -ing | K44: How about ___ (go) for a walk? | L44: going
A45: 44 | B45: Level 2 · Slot stems | C45: 73 | D45: Stage 3 · Skim the basics | E45: I can't wait to… | F45: Sentence frames | G45: A2 | H45: base verb | I45: I can't wait to see you. | J45: Means: I'm very excited to | K45: I can't wait ___ (see) you. | L45: to see
A46: 45 | B46: Level 2 · Slot stems | C46: 74 | D46: Stage 3 · Skim the basics | E46: I'm trying to… | F46: Sentence frames | G46: A2 | H46: base verb | I46: I'm trying to speak more English. | K46: I'm trying ___ (speak) more English. | L46: to speak
A47: 46 | B47: Level 2 · Slot stems | C47: 75 | D47: Stage 3 · Skim the basics | E47: What's the difference between … and …? | F47: Sentence frames | G47: A2 | H47: noun | I47: What's the difference between 'say' and 'tell'? | K47: What's the difference ___ 'say' and 'tell'? | L47: between
A48: 47 | B48: Level 2 · Slot stems | C48: 23 | D48: Stage 2 · Fix errors people notice | E48: Do you want me to…? | F48: Question frames | G48: A2 | H48: base verb | I48: Do you want me to call him? | K48: Do you want me ___ (call) him? | L48: to call
A49: 48 | B49: Level 2 · Slot stems | C49: 24 | D49: Stage 2 · Fix errors people notice | E49: What are you doing this weekend? | F49: Question frames | G49: A2 | H49: No slot | I49: Easy small talk | J49: Present continuous for future plans | K49: What are you ___ this weekend? | L49: doing
A50: 49 | B50: Level 2 · Slot stems | C50: 25 | D50: Stage 2 · Fix errors people notice | E50: How long does it take to…? | F50: Question frames | G50: A2 | H50: base verb | I50: How long does it take to get to the airport? | J50: Not "How much time it takes…?" | K50: How long does it ___ to get to the airport? | L50: take
A51: 50 | B51: Level 2 · Slot stems | C51: 26 | D51: Stage 2 · Fix errors people notice | E51: What's … like? | F51: Question frames | G51: A2 | H51: noun | I51: What's your new boss like? | J51: Not "How is your boss like?" | K51: What's your new boss ___? | L51: like
A52: 51 | B52: Level 2 · Slot stems | C52: 27 | D52: Stage 2 · Fix errors people notice | E52: How often do you…? | F52: Question frames | G52: A2 | H52: base verb | I52: How often do you exercise? | J52: Not "How many times you exercise?" | K52: How ___ do you exercise? | L52: often
A53: 52 | B53: Level 2 · Slot stems | C53: 28 | D53: Stage 2 · Fix errors people notice | E53: What do you think about…? | F53: Question frames | G53: A2 | H53: noun or -ing verb | I53: What do you think about online classes? | J53: Not "What you think about…?" | K53: What ___ you think about online classes? | L53: do
A54: 53 | B54: Level 2 · Slot stems | C54: 29 | D54: Stage 2 · Fix errors people notice | E54: Why don't we…? | F54: Question frames | G54: A2 | H54: base verb | I54: Why don't we order pizza? | J54: A friendly suggestion, not a complaint | K54: Suggest a plan: "Why ___ we order pizza?" | L54: don't
A55: 54 | B55: Level 2 · Slot stems | C55: 76 | D55: Stage 3 · Skim the basics | E55: Have you ever…? | F55: Grammatical chunks | G55: A2 | H55: past participle | I55: Have you ever eaten sushi? | J55: Present perfect (experience) | K55: Have you ever ___ (eat) sushi? | L55: eaten
A56: 55 | B56: Level 2 · Slot stems | C56: 77 | D56: Stage 3 · Skim the basics | E56: I have never… | F56: Grammatical chunks | G56: A2 | H56: past participle | I56: I have never been to Goa. | J56: Present perfect (experience) | K56: I have never ___ (be) to Goa. | L56: been
A57: 56 | B57: Level 2 · Slot stems | C57: 78 | D57: Stage 3 · Skim the basics | E57: I used to… | F57: Grammatical chunks | G57: A2 | H57: base verb | I57: I used to play cricket every evening. | J57: Past habit | K57: I used to ___ (play) cricket every evening. | L57: play
A58: 57 | B58: Level 2 · Slot stems | C58: 79 | D58: Stage 3 · Skim the basics | E58: It's too … to … | F58: Grammatical chunks | G58: A2 | H58: adjective + base verb | I58: It's too hot to go out. | J58: too + adjective + to-verb | K58: It's ___ hot to go out. | L58: too
A59: 58 | B59: Level 2 · Slot stems | C59: 80 | D59: Stage 3 · Skim the basics | E59: Do you know where … is? | F59: Grammatical chunks | G59: A2 | H59: noun | I59: Do you know where the station is? | J59: Not "where is the station" inside the question | K59: Put in order (the station / is / where): "Do you know ___?" | L59: where the station is
A60: 59 | B60: Level 2 · Slot stems | C60: 81 | D60: Stage 3 · Skim the basics | E60: In my opinion,… | F60: Opinion | G60: A2 | H60: clause | I60: In my opinion, online classes are useful. | K60: In my ___, online classes are useful. | L60: opinion
A61: 60 | B61: Level 2 · Slot stems | C61: 30 | D61: Stage 2 · Fix errors people notice | E61: Could you please…? | F61: Polite softeners | G61: A2 | H61: base verb | I61: Could you please send the file? | K61: Could you please ___ (send) the file? | L61: send
A62: 61 | B62: Level 2 · Slot stems | C62: 31 | D62: Stage 2 · Fix errors people notice | E62: I'd like to… | F62: Polite softeners | G62: A2 | H62: base verb | I62: I'd like to ask a question. | J62: Too direct: "I want to ask a question." | K62: I'd like ___ (ask) a question. | L62: to ask
A63: 62 | B63: Level 2 · Slot stems | C63: 32 | D63: Stage 2 · Fix errors people notice | E63: Do you mind if I…? | F63: Polite softeners | G63: A2 | H63: base verb | I63: Do you mind if I open the window? | J63: To say yes, answer "No, not at all." | K63: Do you mind if I ___ (open) the window? | L63: open
A64: 63 | B64: Level 2 · Slot stems | C64: 33 | D64: Stage 2 · Fix errors people notice | E64: Sorry to bother you, but… | F64: Polite softeners | G64: A2 | H64: clause | I64: Sorry to bother you, but where's the lift? | J64: Too direct: "Where is the lift?" | K64: Sorry to ___ you, but where's the lift? | L64: bother
A65: 64 | B65: Level 2 · Slot stems | C65: 34 | D65: Stage 2 · Fix errors people notice | E65: Just a quick question:… | F65: Polite softeners | G65: A2 | H65: clause | I65: Just a quick question: when is the meeting? | J65: Too direct: "Tell me the meeting time." | K65: Just a ___ question: when is the meeting? | L65: quick
A66: 65 | B66: Level 2 · Slot stems | C66: 86 | D66: Stage 3 · Skim the basics | E66: I was about to… | F66: Sentence frames | G66: B1 | H66: base verb | I66: I was about to call you! | J66: Means: I was going to, right now | K66: I was about ___ (call) you! | L66: to call
A67: 66 | B67: Level 2 · Slot stems | C67: 87 | D67: Stage 3 · Skim the basics | E67: The best way to … is to … | F67: Sentence frames | G67: B1 | H67: base verb | I67: The best way to learn is to practise daily. | K67: The best way to learn is ___ (practise) daily. | L67: to practise
A68: 67 | B68: Level 2 · Slot stems | C68: 88 | D68: Stage 3 · Skim the basics | E68: What I like most about … is … | F68: Sentence frames | G68: B1 | H68: noun | I68: What I like most about my job is the people. | K68: What I like ___ about my job is the people. | L68: most
A69: 68 | B69: Level 2 · Slot stems | C69: 37 | D69: Stage 2 · Fix errors people notice | E69: What made you…? | F69: Question frames | G69: B1 | H69: base verb | I69: What made you choose teaching? | J69: Not "Why you chose teaching?" | K69: What made you ___ (choose) teaching? | L69: choose
A70: 69 | B70: Level 2 · Slot stems | C70: 38 | D70: Stage 2 · Fix errors people notice | E70: …, isn't it? / …, don't you? | F70: Question frames | G70: B1 | H70: matching tag | I70: It's hot, isn't it? / You like tea, don't you? | J70: The tag must match the verb: not "You like tea, isn't it?" | K70: You like tea, ___ you? | L70: don't
A71: 70 | B71: Level 2 · Slot stems | C71: 89 | D71: Stage 3 · Skim the basics | E71: I'm really looking forward to… | F71: Grammatical chunks | G71: B1 | H71: noun or -ing verb | I71: …to the holidays. / …to meeting you. | J71: "to" is a preposition here: looking forward to meeting, not "to meet" | K71: I'm really looking forward to ___ (meet) you. | L71: meeting
A72: 71 | B72: Level 2 · Slot stems | C72: 90 | D72: Stage 3 · Skim the basics | E72: I feel like + -ing… | F72: Grammatical chunks | G72: B1 | H72: -ing verb | I72: I feel like having some tea. | J72: Means: I want to | K72: I feel like ___ (have) some tea. | L72: having
A73: 72 | B73: Level 2 · Slot stems | C73: 91 | D73: Stage 3 · Skim the basics | E73: I have been + -ing for/since… | F73: Grammatical chunks | G73: B1 | H73: -ing verb | I73: I have been waiting for twenty minutes. | J73: Present perfect continuous | K73: I have been ___ (wait) for twenty minutes. | L73: waiting
A74: 73 | B74: Level 2 · Slot stems | C74: 92 | D74: Stage 3 · Skim the basics | E74: If I were you, I would… | F74: Grammatical chunks | G74: B1 | H74: base verb | I74: If I were you, I would take the job. | J74: Second conditional, used for advice | K74: If I ___ you, I would take the job. | L74: were
A75: 74 | B75: Level 2 · Slot stems | C75: 93 | D75: Stage 3 · Skim the basics | E75: I'm not used to + -ing | F75: Grammatical chunks | G75: B1 | H75: -ing verb | I75: I'm not used to waking up early. | J75: Takes -ing, unlike "I used to + verb" | K75: I'm not used to ___ (wake) up early. | L75: waking
A76: 75 | B76: Level 2 · Slot stems | C76: 94 | D76: Stage 3 · Skim the basics | E76: I'd rather … than … | F76: Grammatical chunks | G76: B1 | H76: base verb | I76: I'd rather walk than take an auto. | J76: Base verb after both parts | K76: I'd rather ___ (walk) than take an auto. | L76: walk
A77: 76 | B77: Level 2 · Slot stems | C77: 95 | D77: Stage 3 · Skim the basics | E77: If you ask me,… | F77: Opinion | G77: B1 | H77: clause | I77: If you ask me, we should leave early. | K77: If you ___ me, we should leave early. | L77: ask
A78: 77 | B78: Level 2 · Slot stems | C78: 39 | D78: Stage 2 · Fix errors people notice | E78: Would you mind + -ing…? | F78: Polite softeners | G78: B1 | H78: -ing verb | I78: Would you mind closing the window? | J78: Verb takes -ing: not "mind to close" | K78: Would you mind ___ (close) the window? | L78: closing
A79: 78 | B79: Level 2 · Slot stems | C79: 40 | D79: Stage 2 · Fix errors people notice | E79: I was wondering if… | F79: Polite softeners | G79: B1 | H79: clause | I79: I was wondering if you could check my CV. | J79: Too direct: "Check my CV." | K79: I was ___ if you could check my CV. | L79: wondering
A80: 79 | B80: Level 2 · Slot stems | C80: 41 | D80: Stage 2 · Fix errors people notice | E80: Would it be possible to…? | F80: Polite softeners | G80: B1 | H80: base verb | I80: Would it be possible to reschedule the interview? | J80: Too direct: "Change the interview date." | K80: Would it be possible ___ (reschedule) the interview? | L80: to reschedule
A81: 80 | B81: Level 2 · Slot stems | C81: 42 | D81: Stage 2 · Fix errors people notice | E81: I'd appreciate it if you could… | F81: Polite softeners | G81: B1 | H81: base verb | I81: I'd appreciate it if you could reply by Friday. | J81: Too direct: "Reply by Friday." | K81: I'd appreciate it if you could ___ (reply) by Friday. | L81: reply
A82: 81 | B82: Level 2 · Slot stems | C82: 43 | D82: Stage 2 · Fix errors people notice | E82: It might be a good idea to… | F82: Polite softeners | G82: B1 | H82: base verb | I82: It might be a good idea to save the file first. | J82: Too direct: "Save the file first." | K82: It might be a good idea ___ (save) the file first. | L82: to save
A83: 82 | B83: Level 3 · Collocations & fillers | C83: 96 | D83: Stage 4 · Collocations & natural speech | E83: get ready | F83: Collocations | G83: A1 | H83: No slot | I83: I get ready in ten minutes. | K83: I ___ ready in ten minutes. | L83: get
A84: 83 | B84: Level 3 · Collocations & fillers | C84: 97 | D84: Stage 4 · Collocations & natural speech | E84: take a shower | F84: Collocations | G84: A1 | H84: No slot | I84: I take a shower after my walk. | K84: I ___ a shower after my walk. | L84: take
A85: 84 | B85: Level 3 · Collocations & fillers | C85: 98 | D85: Stage 4 · Collocations & natural speech | E85: have breakfast | F85: Collocations | G85: A1 | H85: No slot | I85: We have breakfast at eight. | K85: We ___ breakfast at eight. | L85: have
A86: 85 | B86: Level 3 · Collocations & fillers | C86: 99 | D86: Stage 4 · Collocations & natural speech | E86: go to bed | F86: Collocations | G86: A1 | H86: No slot | I86: I go to bed at eleven. | K86: I go to ___ at eleven. | L86: bed
A87: 86 | B87: Level 3 · Collocations & fillers | C87: 100 | D87: Stage 4 · Collocations & natural speech | E87: do homework | F87: Collocations | G87: A1 | H87: No slot | I87: I do my homework after dinner. | J87: Not "make homework" | K87: I ___ my homework after dinner. (make / do) | L87: do
A88: 87 | B88: Level 3 · Collocations & fillers | C88: 101 | D88: Stage 4 · Collocations & natural speech | E88: take a photo | F88: Collocations | G88: A1 | H88: No slot | I88: Can you take a photo of us? | K88: Can you ___ a photo of us? | L88: take
A89: 88 | B89: Level 3 · Collocations & fillers | C89: 102 | D89: Stage 4 · Collocations & natural speech | E89: strong tea | F89: Collocations | G89: A1 | H89: No slot | I89: I like strong tea. | J89: Not "hard tea" | K89: I like ___ tea. (strong / hard) | L89: strong
A90: 89 | B90: Level 3 · Collocations & fillers | C90: 103 | D90: Stage 4 · Collocations & natural speech | E90: make friends | F90: Collocations | G90: A1 | H90: No slot | I90: She makes friends easily. | K90: She ___ friends easily. | L90: makes
A91: 90 | B91: Level 3 · Collocations & fillers | C91: 104 | D91: Stage 4 · Collocations & natural speech | E91: a lot of | F91: Polywords | G91: A1 | H91: No slot | I91: She has a lot of friends. | K91: She has a ___ of friends. | L91: lot
A92: 91 | B92: Level 3 · Collocations & fillers | C92: 105 | D92: Stage 4 · Collocations & natural speech | E92: of course | F92: Polywords | G92: A1 | H92: No slot | I92: Of course you can come. | K92: "Can I come too?" "Of ___ you can!" | L92: course
A93: 92 | B93: Level 3 · Collocations & fillers | C93: 106 | D93: Stage 4 · Collocations & natural speech | E93: in front of | F93: Polywords | G93: A1 | H93: No slot | I93: The car is in front of the gate. | K93: The car is in ___ of the gate. | L93: front
A94: 93 | B94: Level 3 · Collocations & fillers | C94: 2 | D94: Stage 1 · Unfreeze | E94: Let me think. | F94: Fillers & time-buyers | G94: A1 | H94: No slot | I94: Before answering a question | K94: Someone asks a hard question. Buy time: "Let me ___." | L94: think
A95: 94 | B95: Level 3 · Collocations & fillers | C95: 3 | D95: Stage 1 · Unfreeze | E95: Give me a second. | F95: Fillers & time-buyers | G95: A1 | H95: No slot | I95: While you find a word or a paper | K95: You need a moment to find a word. Say: "Give me a ___." | L95: second
A96: 95 | B96: Level 3 · Collocations & fillers | C96: 107 | D96: Stage 4 · Collocations & natural speech | E96: wake up | F96: Phrasal verbs | G96: A1 | H96: No slot | I96: I wake up at six. | K96: I wake ___ at six. | L96: up
A97: 96 | B97: Level 3 · Collocations & fillers | C97: 108 | D97: Stage 4 · Collocations & natural speech | E97: turn on / turn off | F97: Phrasal verbs | G97: A1 | H97: No slot | I97: Please turn off the fan. | K97: It's cold. Please turn ___ the fan. | L97: off
A98: 97 | B98: Level 3 · Collocations & fillers | C98: 109 | D98: Stage 4 · Collocations & natural speech | E98: look for | F98: Phrasal verbs | G98: A1 | H98: No slot | I98: I'm looking for my keys. | K98: I'm looking ___ my keys. | L98: for
A99: 98 | B99: Level 3 · Collocations & fillers | C99: 9 | D99: Stage 2 · Fix errors people notice | E99: listen to | F99: Dependent prepositions | G99: A1 | H99: No slot | I99: I listen to music every day. | J99: Not "listen music" | K99: I listen ___ music every day. | L99: to
A100: 99 | B100: Level 3 · Collocations & fillers | C100: 10 | D100: Stage 2 · Fix errors people notice | E100: wait for | F100: Dependent prepositions | G100: A1 | H100: No slot | I100: I'm waiting for the bus. | J100: Not "waiting the bus" | K100: I'm waiting ___ the bus. | L100: for
...

Sheet Path B – Knows Grammar
A1: Path A # | B1: Path A: Beginner | C1: Path B # | D1: Path B: Knows grammar, can't speak | E1: Chunk | F1: Type | G1: CEFR | H1: Slot | I1: Example / When to use | J1: Meaning / Watch out | K1: Gap-fill question | L1: Answer
A2: 1 | B2: Level 1 · Survival chunks | C2: 1 | D2: Stage 1 · Unfreeze | E2: Sorry, could you say that again? | F2: Clarification & repair | G2: A1 | H2: No slot | I2: When you missed what someone said | K2: You didn't hear the teacher. Say: "Sorry, could you say that ___?" | L2: again
A3: 93 | B3: Level 3 · Collocations & fillers | C3: 2 | D3: Stage 1 · Unfreeze | E3: Let me think. | F3: Fillers & time-buyers | G3: A1 | H3: No slot | I3: Before answering a question | K3: Someone asks a hard question. Buy time: "Let me ___." | L3: think
A4: 94 | B4: Level 3 · Collocations & fillers | C4: 3 | D4: Stage 1 · Unfreeze | E4: Give me a second. | F4: Fillers & time-buyers | G4: A1 | H4: No slot | I4: While you find a word or a paper | K4: You need a moment to find a word. Say: "Give me a ___." | L4: second
A5: 14 | B5: Level 1 · Survival chunks | C5: 4 | D5: Stage 1 · Unfreeze | E5: What do you mean by…? | F5: Clarification & repair | G5: A2 | H5: noun | I5: What do you mean by 'deadline'? | K5: What do you ___ by 'deadline'? | L5: mean
A6: 122 | B6: Level 3 · Collocations & fillers | C6: 5 | D6: Stage 1 · Unfreeze | E6: That's a good question. | F6: Fillers & time-buyers | G6: A2 | H6: No slot | I6: Gives you 2–3 seconds to plan | K6: "Why did you choose this job?" "That's a good ___." | L6: question
A7: 22 | B7: Level 1 · Survival chunks | C7: 6 | D7: Stage 1 · Unfreeze | E7: Let me put it another way. | F7: Clarification & repair | G7: B1 | H7: No slot | I7: When your first sentence came out wrong | K7: Your sentence came out wrong. Say: "Let me put it ___ way." | L7: another
A8: 23 | B8: Level 1 · Survival chunks | C8: 7 | D8: Stage 1 · Unfreeze | E8: I'm not sure how to say this, but… | F8: Clarification & repair | G8: B1 | H8: clause | I8: …but I think we need more time. | K8: I'm not sure how to ___ this, but I think we need more time. | L8: say
A9: 156 | B9: Level 3 · Collocations & fillers | C9: 8 | D9: Stage 1 · Unfreeze | E9: The thing is,… | F9: Fillers & time-buyers | G9: B1 | H9: clause | I9: The thing is, I don't have much time today. | K9: The ___ is, I don't have much time today. | L9: thing
A10: 98 | B10: Level 3 · Collocations & fillers | C10: 9 | D10: Stage 2 · Fix errors people notice | E10: listen to | F10: Dependent prepositions | G10: A1 | H10: No slot | I10: I listen to music every day. | J10: Not "listen music" | K10: I listen ___ music every day. | L10: to
A11: 99 | B11: Level 3 · Collocations & fillers | C11: 10 | D11: Stage 2 · Fix errors people notice | E11: wait for | F11: Dependent prepositions | G11: A1 | H11: No slot | I11: I'm waiting for the bus. | J11: Not "waiting the bus" | K11: I'm waiting ___ the bus. | L11: for
A12: 100 | B12: Level 3 · Collocations & fillers | C12: 11 | D12: Stage 2 · Fix errors people notice | E12: good at | F12: Dependent prepositions | G12: A1 | H12: No slot | I12: She's good at maths. | J12: Not "good in maths" | K12: She's good ___ maths. | L12: at
A13: 30 | B13: Level 2 · Slot stems | C13: 12 | D13: Stage 2 · Fix errors people notice | E13: Can you help me with…? | F13: Question frames | G13: A1 | H13: noun | I13: Can you help me with this bag? | K13: Can you help me ___ this bag? | L13: with
A14: 31 | B14: Level 2 · Slot stems | C14: 13 | D14: Stage 2 · Fix errors people notice | E14: What time does…? | F14: Question frames | G14: A1 | H14: base verb | I14: What time does the shop open? | J14: Not "What time the shop opens?" | K14: What time ___ the shop open? | L14: does
A15: 32 | B15: Level 2 · Slot stems | C15: 14 | D15: Stage 2 · Fix errors people notice | E15: How much is / are…? | F15: Question frames | G15: A1 | H15: noun | I15: How much are these shoes? | J15: Not "How much these shoes?" | K15: How much ___ these shoes? | L15: are
A16: 33 | B16: Level 2 · Slot stems | C16: 15 | D16: Stage 2 · Fix errors people notice | E16: Where can I…? | F16: Question frames | G16: A1 | H16: base verb | I16: Where can I buy a SIM card? | J16: Not "Where I can buy…?" | K16: Put in order (I / can / where): "___ buy a SIM card?" | L16: Where can I
A17: 37 | B17: Level 2 · Slot stems | C17: 16 | D17: Stage 2 · Fix errors people notice | E17: Could I…? | F17: Polite softeners | G17: A1 | H17: base verb | I17: Could I borrow a pen? | J17: Too direct: "Give me a pen." | K17: Ask politely: "___ I borrow a pen?" | L17: Could (May also works)
A18: 38 | B18: Level 2 · Slot stems | C18: 17 | D18: Stage 2 · Fix errors people notice | E18: Would you like…? | F18: Polite softeners | G18: A1 | H18: noun or to + verb | I18: Would you like some tea? | J18: Too direct: "Take tea." | K18: Would you ___ some tea? | L18: like
A19: 130 | B19: Level 3 · Collocations & fillers | C19: 18 | D19: Stage 2 · Fix errors people notice | E19: interested in | F19: Dependent prepositions | G19: A2 | H19: No slot | I19: I'm interested in photography. | J19: Not "interested for" | K19: I'm interested ___ photography. | L19: in
A20: 131 | B20: Level 3 · Collocations & fillers | C20: 19 | D20: Stage 2 · Fix errors people notice | E20: married to | F20: Dependent prepositions | G20: A2 | H20: No slot | I20: He's married to my cousin. | J20: Not "married with" | K20: He's married ___ my cousin. | L20: to
A21: 132 | B21: Level 3 · Collocations & fillers | C21: 20 | D21: Stage 2 · Fix errors people notice | E21: explain (it) to (someone) | F21: Dependent prepositions | G21: A2 | H21: noun | I21: Can you explain this to me? | J21: Not "explain me this" | K21: Can you explain this ___ me? | L21: to
A22: 133 | B22: Level 3 · Collocations & fillers | C22: 21 | D22: Stage 2 · Fix errors people notice | E22: reach + place (no preposition) | F22: Dependent prepositions | G22: A2 | H22: noun | I22: We reached the station at six. | J22: Not "reached to the station" | K22: We reached ___ the station at six. (to / at / no word) | L22: (no word)
A23: 134 | B23: Level 3 · Collocations & fillers | C23: 22 | D23: Stage 2 · Fix errors people notice | E23: enter + place (no preposition) | F23: Dependent prepositions | G23: A2 | H23: noun | I23: She entered the room quietly. | J23: Not "entered into the room" | K23: She entered ___ the room quietly. (into / in / no word) | L23: (no word)
A24: 47 | B24: Level 2 · Slot stems | C24: 23 | D24: Stage 2 · Fix errors people notice | E24: Do you want me to…? | F24: Question frames | G24: A2 | H24: base verb | I24: Do you want me to call him? | K24: Do you want me ___ (call) him? | L24: to call
A25: 48 | B25: Level 2 · Slot stems | C25: 24 | D25: Stage 2 · Fix errors people notice | E25: What are you doing this weekend? | F25: Question frames | G25: A2 | H25: No slot | I25: Easy small talk | J25: Present continuous for future plans | K25: What are you ___ this weekend? | L25: doing
A26: 49 | B26: Level 2 · Slot stems | C26: 25 | D26: Stage 2 · Fix errors people notice | E26: How long does it take to…? | F26: Question frames | G26: A2 | H26: base verb | I26: How long does it take to get to the airport? | J26: Not "How much time it takes…?" | K26: How long does it ___ to get to the airport? | L26: take
A27: 50 | B27: Level 2 · Slot stems | C27: 26 | D27: Stage 2 · Fix errors people notice | E27: What's … like? | F27: Question frames | G27: A2 | H27: noun | I27: What's your new boss like? | J27: Not "How is your boss like?" | K27: What's your new boss ___? | L27: like
A28: 51 | B28: Level 2 · Slot stems | C28: 27 | D28: Stage 2 · Fix errors people notice | E28: How often do you…? | F28: Question frames | G28: A2 | H28: base verb | I28: How often do you exercise? | J28: Not "How many times you exercise?" | K28: How ___ do you exercise? | L28: often
A29: 52 | B29: Level 2 · Slot stems | C29: 28 | D29: Stage 2 · Fix errors people notice | E29: What do you think about…? | F29: Question frames | G29: A2 | H29: noun or -ing verb | I29: What do you think about online classes? | J29: Not "What you think about…?" | K29: What ___ you think about online classes? | L29: do
A30: 53 | B30: Level 2 · Slot stems | C30: 29 | D30: Stage 2 · Fix errors people notice | E30: Why don't we…? | F30: Question frames | G30: A2 | H30: base verb | I30: Why don't we order pizza? | J30: A friendly suggestion, not a complaint | K30: Suggest a plan: "Why ___ we order pizza?" | L30: don't
A31: 60 | B31: Level 2 · Slot stems | C31: 30 | D31: Stage 2 · Fix errors people notice | E31: Could you please…? | F31: Polite softeners | G31: A2 | H31: base verb | I31: Could you please send the file? | K31: Could you please ___ (send) the file? | L31: send
A32: 61 | B32: Level 2 · Slot stems | C32: 31 | D32: Stage 2 · Fix errors people notice | E32: I'd like to… | F32: Polite softeners | G32: A2 | H32: base verb | I32: I'd like to ask a question. | J32: Too direct: "I want to ask a question." | K32: I'd like ___ (ask) a question. | L32: to ask
A33: 62 | B33: Level 2 · Slot stems | C33: 32 | D33: Stage 2 · Fix errors people notice | E33: Do you mind if I…? | F33: Polite softeners | G33: A2 | H33: base verb | I33: Do you mind if I open the window? | J33: To say yes, answer "No, not at all." | K33: Do you mind if I ___ (open) the window? | L33: open
A34: 63 | B34: Level 2 · Slot stems | C34: 33 | D34: Stage 2 · Fix errors people notice | E34: Sorry to bother you, but… | F34: Polite softeners | G34: A2 | H34: clause | I34: Sorry to bother you, but where's the lift? | J34: Too direct: "Where is the lift?" | K34: Sorry to ___ you, but where's the lift? | L34: bother
A35: 64 | B35: Level 2 · Slot stems | C35: 34 | D35: Stage 2 · Fix errors people notice | E35: Just a quick question:… | F35: Polite softeners | G35: A2 | H35: clause | I35: Just a quick question: when is the meeting? | J35: Too direct: "Tell me the meeting time." | K35: Just a ___ question: when is the meeting? | L35: quick
A36: 162 | B36: Level 3 · Collocations & fillers | C36: 35 | D36: Stage 2 · Fix errors people notice | E36: discuss + topic (no preposition) | F36: Dependent prepositions | G36: B1 | H36: noun | I36: Let's discuss the plan. | J36: Not "discuss about the plan" | K36: Let's discuss ___ the plan. (about / on / no word) | L36: (no word)
A37: 163 | B37: Level 3 · Collocations & fillers | C37: 36 | D37: Stage 2 · Fix errors people notice | E37: insist on + -ing | F37: Dependent prepositions | G37: B1 | H37: -ing verb | I37: He insisted on paying. | J37: Not "insisted to pay" | K37: He insisted ___ (pay) for dinner. | L37: on paying
A38: 68 | B38: Level 2 · Slot stems | C38: 37 | D38: Stage 2 · Fix errors people notice | E38: What made you…? | F38: Question frames | G38: B1 | H38: base verb | I38: What made you choose teaching? | J38: Not "Why you chose teaching?" | K38: What made you ___ (choose) teaching? | L38: choose
A39: 69 | B39: Level 2 · Slot stems | C39: 38 | D39: Stage 2 · Fix errors people notice | E39: …, isn't it? / …, don't you? | F39: Question frames | G39: B1 | H39: matching tag | I39: It's hot, isn't it? / You like tea, don't you? | J39: The tag must match the verb: not "You like tea, isn't it?" | K39: You like tea, ___ you? | L39: don't
A40: 77 | B40: Level 2 · Slot stems | C40: 39 | D40: Stage 2 · Fix errors people notice | E40: Would you mind + -ing…? | F40: Polite softeners | G40: B1 | H40: -ing verb | I40: Would you mind closing the window? | J40: Verb takes -ing: not "mind to close" | K40: Would you mind ___ (close) the window? | L40: closing
A41: 78 | B41: Level 2 · Slot stems | C41: 40 | D41: Stage 2 · Fix errors people notice | E41: I was wondering if… | F41: Polite softeners | G41: B1 | H41: clause | I41: I was wondering if you could check my CV. | J41: Too direct: "Check my CV." | K41: I was ___ if you could check my CV. | L41: wondering
A42: 79 | B42: Level 2 · Slot stems | C42: 41 | D42: Stage 2 · Fix errors people notice | E42: Would it be possible to…? | F42: Polite softeners | G42: B1 | H42: base verb | I42: Would it be possible to reschedule the interview? | J42: Too direct: "Change the interview date." | K42: Would it be possible ___ (reschedule) the interview? | L42: to reschedule
A43: 80 | B43: Level 2 · Slot stems | C43: 42 | D43: Stage 2 · Fix errors people notice | E43: I'd appreciate it if you could… | F43: Polite softeners | G43: B1 | H43: base verb | I43: I'd appreciate it if you could reply by Friday. | J43: Too direct: "Reply by Friday." | K43: I'd appreciate it if you could ___ (reply) by Friday. | L43: reply
A44: 81 | B44: Level 2 · Slot stems | C44: 43 | D44: Stage 2 · Fix errors people notice | E44: It might be a good idea to… | F44: Polite softeners | G44: B1 | H44: base verb | I44: It might be a good idea to save the file first. | J44: Too direct: "Save the file first." | K44: It might be a good idea ___ (save) the file first. | L44: to save
A45: 2 | B45: Level 1 · Survival chunks | C45: 44 | D45: Stage 3 · Skim the basics | E45: How's it going? | F45: Openers & closers | G45: A1 | H45: No slot | I45: Hi Ravi, how's it going? | K45: Hi Ravi, how's it ___? | L45: going
A46: 3 | B46: Level 1 · Survival chunks | C46: 45 | D46: Stage 3 · Skim the basics | E46: Nice to meet you. | F46: Openers & closers | G46: A1 | H46: No slot | I46: I'm Sana. Nice to meet you. | K46: I'm Sana. Nice to ___ you. | L46: meet
A47: 4 | B47: Level 1 · Survival chunks | C47: 46 | D47: Stage 3 · Skim the basics | E47: What do you do? | F47: Openers & closers | G47: A1 | H47: No slot | I47: Asking about someone's job | J47: Means 'What is your job?', not 'What are you doing now?' | K47: You want to know someone's job. Ask: "What do you ___?" | L47: do
A48: 5 | B48: Level 1 · Survival chunks | C48: 47 | D48: Stage 3 · Skim the basics | E48: No problem. | F48: Fixed expressions | G48: A1 | H48: No slot | I48: Replying to thanks or a request | K48: "Thanks for waiting." "No ___." | L48: problem
A49: 6 | B49: Level 1 · Survival chunks | C49: 48 | D49: Stage 3 · Skim the basics | E49: You're welcome. | F49: Fixed expressions | G49: A1 | H49: No slot | I49: Replying to "thank you" | K49: "Thank you!" "You're ___." | L49: welcome
A50: 7 | B50: Level 1 · Survival chunks | C50: 49 | D50: Stage 3 · Skim the basics | E50: Good luck! | F50: Fixed expressions | G50: A1 | H50: No slot | I50: Before someone's exam or interview | K50: Your friend has an interview today. Say: "Good ___!" | L50: luck
A51: 8 | B51: Level 1 · Survival chunks | C51: 50 | D51: Stage 3 · Skim the basics | E51: Take care. | F51: Fixed expressions | G51: A1 | H51: No slot | I51: Ending a call or meeting | K51: Ending a call: "Bye, take ___." | L51: care
A52: 9 | B52: Level 1 · Survival chunks | C52: 51 | D52: Stage 3 · Skim the basics | E52: Same to you. | F52: Fixed expressions | G52: A1 | H52: No slot | I52: Returning a wish ("Happy Diwali!") | K52: "Happy Diwali!" "Same ___ you." | L52: to
A53: 10 | B53: Level 1 · Survival chunks | C53: 52 | D53: Stage 3 · Skim the basics | E53: I hope so. | F53: Short replies | G53: A1 | H53: No slot | I53: "Will it be sunny tomorrow?" "I hope so." | J53: Not "I hope yes" | K53: "Will it be sunny tomorrow?" "I hope ___." | L53: so
A54: 11 | B54: Level 1 · Survival chunks | C54: 53 | D54: Stage 3 · Skim the basics | E54: I don't think so. | F54: Short replies | G54: A1 | H54: No slot | I54: "Is the shop open?" "I don't think so." | J54: Not "I think no" | K54: "Is the shop open?" "I don't think ___." | L54: so
A55: 12 | B55: Level 1 · Survival chunks | C55: 54 | D55: Stage 3 · Skim the basics | E55: Not yet. | F55: Short replies | G55: A1 | H55: No slot | I55: "Have you eaten?" "Not yet." | K55: "Have you eaten?" "Not ___." | L55: yet
A56: 13 | B56: Level 1 · Survival chunks | C56: 55 | D56: Stage 3 · Skim the basics | E56: Sure, go ahead. | F56: Short replies | G56: A1 | H56: No slot | I56: "Can I use your phone?" "Sure, go ahead." | K56: "Can I use your phone?" "Sure, go ___." | L56: ahead
A57: 28 | B57: Level 2 · Slot stems | C57: 56 | D57: Stage 3 · Skim the basics | E57: Let's… | F57: Sentence frames | G57: A1 | H57: base verb | I57: Let's meet at six. | K57: Let's ___ (meet) at six. | L57: meet
A58: 29 | B58: Level 2 · Slot stems | C58: 57 | D58: Stage 3 · Skim the basics | E58: I need to… | F58: Sentence frames | G58: A1 | H58: base verb | I58: I need to buy a new phone. | K58: I need ___ (buy) a new phone. | L58: to buy
A59: 34 | B59: Level 2 · Slot stems | C59: 58 | D59: Stage 3 · Skim the basics | E59: I'm going to… | F59: Grammatical chunks | G59: A1 | H59: base verb | I59: I'm going to visit my uncle. | J59: Future plan | K59: I'm going ___ (visit) my uncle. | L59: to visit
A60: 35 | B60: Level 2 · Slot stems | C60: 59 | D60: Stage 3 · Skim the basics | E60: There is / There are… | F60: Grammatical chunks | G60: A1 | H60: noun | I60: There are two banks near my house. | J60: Singular vs plural | K60: There ___ two banks near my house. | L60: are
A61: 36 | B61: Level 2 · Slot stems | C61: 60 | D61: Stage 3 · Skim the basics | E61: I think… | F61: Opinion | G61: A1 | H61: clause | I61: I think this plan is good. | K61: Give your opinion: "I ___ this plan is good." | L61: think
A62: 15 | B62: Level 1 · Survival chunks | C62: 61 | D62: Stage 3 · Skim the basics | E62: Never mind. | F62: Fixed expressions | G62: A2 | H62: No slot | I62: It's not important, forget it. | K62: "Sorry, what did you say?" "Oh, never ___. It's not important." | L62: mind
A63: 16 | B63: Level 1 · Survival chunks | C63: 62 | D63: Stage 3 · Skim the basics | E63: It depends. | F63: Fixed expressions | G63: A2 | H63: No slot | I63: When the answer isn't yes or no | K63: "Is it far?" "It ___. By car, no. On foot, yes." | L63: depends
A64: 17 | B64: Level 1 · Survival chunks | C64: 63 | D64: Stage 3 · Skim the basics | E64: Sounds good. | F64: Short replies | G64: A2 | H64: No slot | I64: "Let's meet at six." "Sounds good." | K64: "Let's meet at six." "Sounds ___." | L64: good
A65: 18 | B65: Level 1 · Survival chunks | C65: 64 | D65: Stage 3 · Skim the basics | E65: I guess so. | F65: Short replies | G65: A2 | H65: No slot | I65: "Is this the right bus?" "I guess so." | K65: "Is this the right bus?" "I ___ so." | L65: guess (think also works)
A66: 19 | B66: Level 1 · Survival chunks | C66: 65 | D66: Stage 3 · Skim the basics | E66: Not really. | F66: Short replies | G66: A2 | H66: No slot | I66: "Are you tired?" "Not really." | K66: "Are you tired?" "Not ___." | L66: really
A67: 20 | B67: Level 1 · Survival chunks | C67: 66 | D67: Stage 3 · Skim the basics | E67: I'd love to. | F67: Short replies | G67: A2 | H67: No slot | I67: "Want to join us for dinner?" "I'd love to." | K67: "Want to join us for dinner?" "I'd ___ to." | L67: love
A68: 21 | B68: Level 1 · Survival chunks | C68: 67 | D68: Stage 3 · Skim the basics | E68: Why not? | F68: Short replies | G68: A2 | H68: No slot | I68: "Shall we try the new café?" "Why not?" | J68: Here = yes, let's | K68: "Shall we try the new café?" "Why ___?" | L68: not
A69: 39 | B69: Level 2 · Slot stems | C69: 68 | D69: Stage 3 · Skim the basics | E69: So, tell me about… | F69: Sentence frames | G69: A2 | H69: noun | I69: So, tell me about your new job. | K69: So, tell me ___ your new job. | L69: about
A70: 40 | B70: Level 2 · Slot stems | C70: 69 | D70: Stage 3 · Skim the basics | E70: I'm working on… | F70: Sentence frames | G70: A2 | H70: noun | I70: I'm working on a new project. | K70: I'm working ___ a new project. | L70: on
A71: 41 | B71: Level 2 · Slot stems | C71: 70 | D71: Stage 3 · Skim the basics | E71: I'm planning to… | F71: Sentence frames | G71: A2 | H71: base verb | I71: I'm planning to learn driving. | K71: I'm planning ___ (learn) driving. | L71: to learn
A72: 42 | B72: Level 2 · Slot stems | C72: 71 | D72: Stage 3 · Skim the basics | E72: Is it okay if I…? | F72: Sentence frames | G72: A2 | H72: base verb | I72: Is it okay if I leave early? | K72: Is it okay if I ___ (leave) early? | L72: leave
A73: 43 | B73: Level 2 · Slot stems | C73: 72 | D73: Stage 3 · Skim the basics | E73: How about + -ing…? | F73: Sentence frames | G73: A2 | H73: -ing verb | I73: How about going for a walk? | J73: Verb takes -ing | K73: How about ___ (go) for a walk? | L73: going
A74: 44 | B74: Level 2 · Slot stems | C74: 73 | D74: Stage 3 · Skim the basics | E74: I can't wait to… | F74: Sentence frames | G74: A2 | H74: base verb | I74: I can't wait to see you. | J74: Means: I'm very excited to | K74: I can't wait ___ (see) you. | L74: to see
A75: 45 | B75: Level 2 · Slot stems | C75: 74 | D75: Stage 3 · Skim the basics | E75: I'm trying to… | F75: Sentence frames | G75: A2 | H75: base verb | I75: I'm trying to speak more English. | K75: I'm trying ___ (speak) more English. | L75: to speak
A76: 46 | B76: Level 2 · Slot stems | C76: 75 | D76: Stage 3 · Skim the basics | E76: What's the difference between … and …? | F76: Sentence frames | G76: A2 | H76: noun | I76: What's the difference between 'say' and 'tell'? | K76: What's the difference ___ 'say' and 'tell'? | L76: between
A77: 54 | B77: Level 2 · Slot stems | C77: 76 | D77: Stage 3 · Skim the basics | E77: Have you ever…? | F77: Grammatical chunks | G77: A2 | H77: past participle | I77: Have you ever eaten sushi? | J77: Present perfect (experience) | K77: Have you ever ___ (eat) sushi? | L77: eaten
A78: 55 | B78: Level 2 · Slot stems | C78: 77 | D78: Stage 3 · Skim the basics | E78: I have never… | F78: Grammatical chunks | G78: A2 | H78: past participle | I78: I have never been to Goa. | J78: Present perfect (experience) | K78: I have never ___ (be) to Goa. | L78: been
A79: 56 | B79: Level 2 · Slot stems | C79: 78 | D79: Stage 3 · Skim the basics | E79: I used to… | F79: Grammatical chunks | G79: A2 | H79: base verb | I79: I used to play cricket every evening. | J79: Past habit | K79: I used to ___ (play) cricket every evening. | L79: play
A80: 57 | B80: Level 2 · Slot stems | C80: 79 | D80: Stage 3 · Skim the basics | E80: It's too … to … | F80: Grammatical chunks | G80: A2 | H80: adjective + base verb | I80: It's too hot to go out. | J80: too + adjective + to-verb | K80: It's ___ hot to go out. | L80: too
A81: 58 | B81: Level 2 · Slot stems | C81: 80 | D81: Stage 3 · Skim the basics | E81: Do you know where … is? | F81: Grammatical chunks | G81: A2 | H81: noun | I81: Do you know where the station is? | J81: Not "where is the station" inside the question | K81: Put in order (the station / is / where): "Do you know ___?" | L81: where the station is
A82: 59 | B82: Level 2 · Slot stems | C82: 81 | D82: Stage 3 · Skim the basics | E82: In my opinion,… | F82: Opinion | G82: A2 | H82: clause | I82: In my opinion, online classes are useful. | K82: In my ___, online classes are useful. | L82: opinion
A83: 24 | B83: Level 1 · Survival chunks | C83: 82 | D83: Stage 3 · Skim the basics | E83: It's up to you. | F83: Fixed expressions | G83: B1 | H83: No slot | I83: Letting the other person decide | K83: "Tea or coffee?" "I don't mind. It's up ___ you." | L83: to
A84: 25 | B84: Level 1 · Survival chunks | C84: 83 | D84: Stage 3 · Skim the basics | E84: I'm afraid not. | F84: Fixed expressions | G84: B1 | H84: No slot | I84: A polite "no" | K84: "Is there any milk left?" "I'm ___ not." | L84: afraid
A85: 26 | B85: Level 1 · Survival chunks | C85: 84 | D85: Stage 3 · Skim the basics | E85: Better late than never. | F85: Fixed expressions | G85: B1 | H85: No slot | I85: When something finally happens | K85: Better late ___ never. | L85: than
A86: 27 | B86: Level 1 · Survival chunks | C86: 85 | D86: Stage 3 · Skim the basics | E86: Fair enough. | F86: Short replies | G86: B1 | H86: No slot | I86: "I can't come; I have an exam." "Fair enough." | J86: Means: that's reasonable | K86: "I can't come; I have an exam." "Fair ___." | L86: enough
A87: 65 | B87: Level 2 · Slot stems | C87: 86 | D87: Stage 3 · Skim the basics | E87: I was about to… | F87: Sentence frames | G87: B1 | H87: base verb | I87: I was about to call you! | J87: Means: I was going to, right now | K87: I was about ___ (call) you! | L87: to call
A88: 66 | B88: Level 2 · Slot stems | C88: 87 | D88: Stage 3 · Skim the basics | E88: The best way to … is to … | F88: Sentence frames | G88: B1 | H88: base verb | I88: The best way to learn is to practise daily. | K88: The best way to learn is ___ (practise) daily. | L88: to practise
A89: 67 | B89: Level 2 · Slot stems | C89: 88 | D89: Stage 3 · Skim the basics | E89: What I like most about … is … | F89: Sentence frames | G89: B1 | H89: noun | I89: What I like most about my job is the people. | K89: What I like ___ about my job is the people. | L89: most
A90: 70 | B90: Level 2 · Slot stems | C90: 89 | D90: Stage 3 · Skim the basics | E90: I'm really looking forward to… | F90: Grammatical chunks | G90: B1 | H90: noun or -ing verb | I90: …to the holidays. / …to meeting you. | J90: "to" is a preposition here: looking forward to meeting, not "to meet" | K90: I'm really looking forward to ___ (meet) you. | L90: meeting
A91: 71 | B91: Level 2 · Slot stems | C91: 90 | D91: Stage 3 · Skim the basics | E91: I feel like + -ing… | F91: Grammatical chunks | G91: B1 | H91: -ing verb | I91: I feel like having some tea. | J91: Means: I want to | K91: I feel like ___ (have) some tea. | L91: having
A92: 72 | B92: Level 2 · Slot stems | C92: 91 | D92: Stage 3 · Skim the basics | E92: I have been + -ing for/since… | F92: Grammatical chunks | G92: B1 | H92: -ing verb | I92: I have been waiting for twenty minutes. | J92: Present perfect continuous | K92: I have been ___ (wait) for twenty minutes. | L92: waiting
A93: 73 | B93: Level 2 · Slot stems | C93: 92 | D93: Stage 3 · Skim the basics | E93: If I were you, I would… | F93: Grammatical chunks | G93: B1 | H93: base verb | I93: If I were you, I would take the job. | J93: Second conditional, used for advice | K93: If I ___ you, I would take the job. | L93: were
A94: 74 | B94: Level 2 · Slot stems | C94: 93 | D94: Stage 3 · Skim the basics | E94: I'm not used to + -ing | F94: Grammatical chunks | G94: B1 | H94: -ing verb | I94: I'm not used to waking up early. | J94: Takes -ing, unlike "I used to + verb" | K94: I'm not used to ___ (wake) up early. | L94: waking
A95: 75 | B95: Level 2 · Slot stems | C95: 94 | D95: Stage 3 · Skim the basics | E95: I'd rather … than … | F95: Grammatical chunks | G95: B1 | H95: base verb | I95: I'd rather walk than take an auto. | J95: Base verb after both parts | K95: I'd rather ___ (walk) than take an auto. | L95: walk
A96: 76 | B96: Level 2 · Slot stems | C96: 95 | D96: Stage 3 · Skim the basics | E96: If you ask me,… | F96: Opinion | G96: B1 | H96: clause | I96: If you ask me, we should leave early. | K96: If you ___ me, we should leave early. | L96: ask
A97: 82 | B97: Level 3 · Collocations & fillers | C97: 96 | D97: Stage 4 · Collocations & natural speech | E97: get ready | F97: Collocations | G97: A1 | H97: No slot | I97: I get ready in ten minutes. | K97: I ___ ready in ten minutes. | L97: get
A98: 83 | B98: Level 3 · Collocations & fillers | C98: 97 | D98: Stage 4 · Collocations & natural speech | E98: take a shower | F98: Collocations | G98: A1 | H98: No slot | I98: I take a shower after my walk. | K98: I ___ a shower after my walk. | L98: take
A99: 84 | B99: Level 3 · Collocations & fillers | C99: 98 | D99: Stage 4 · Collocations & natural speech | E99: have breakfast | F99: Collocations | G99: A1 | H99: No slot | I99: We have breakfast at eight. | K99: We ___ breakfast at eight. | L99: have
A100: 85 | B100: Level 3 · Collocations & fillers | C100: 99 | D100: Stage 4 · Collocations & natural speech | E100: go to bed | F100: Collocations | G100: A1 | H100: No slot | I100: I go to bed at eleven. | K100: I go to ___ at eleven. | L100: bed
...

Sheet Summary
A1: Path A: Beginner
A2: Stage | B2: Types included | C2: Chunks
A3: Level 1 · Survival chunks | B3: Clarification & repair, Openers & closers, Fixed expressions, Short replies | C3: =COUNTIF('Path A – Beginner'!$B$2:$B$221,A3) -> 27
A4: Level 2 · Slot stems | B4: Sentence frames, Question frames, Grammatical chunks, Opinion, Polite softeners | C4: =COUNTIF('Path A – Beginner'!$B$2:$B$221,A4) -> 54
A5: Level 3 · Collocations & fillers | B5: Collocations, Polywords, Fillers & time-buyers, Phrasal verbs, Dependent prepositions, Topic, Reactions, Agreeing & disagreeing, Binomials | C5: =COUNTIF('Path A – Beginner'!$B$2:$B$221,A5) -> 89
A6: Level 4 · Connectors | B6: Discourse markers | C6: =COUNTIF('Path A – Beginner'!$B$2:$B$221,A6) -> 10
A7: Level 5 · Idioms | B7: Idioms, Proverbs & sayings | C7: =COUNTIF('Path A – Beginner'!$B$2:$B$221,A7) -> 20
A8: On demand · Goal-based | B8: Situational, Formal & written | C8: =COUNTIF('Path A – Beginner'!$B$2:$B$221,A8) -> 20
A9: Total | C9: =SUM(C3:C8) -> 220
A11: Path B: Knows grammar, can't speak
A12: Stage | B12: Types included | C12: Chunks
A13: Stage 1 · Unfreeze | B13: Clarification & repair, Fillers & time-buyers | C13: =COUNTIF('Path A – Beginner'!$D$2:$D$221,A13) -> 8
A14: Stage 2 · Fix errors people notice | B14: Dependent prepositions, Question frames, Polite softeners | C14: =COUNTIF('Path A – Beginner'!$D$2:$D$221,A14) -> 35
A15: Stage 3 · Skim the basics | B15: Openers & closers, Fixed expressions, Short replies, Sentence frames, Grammatical chunks, Opinion | C15: =COUNTIF('Path A – Beginner'!$D$2:$D$221,A15) -> 52
A16: Stage 4 · Collocations & natural speech | B16: Collocations, Polywords, Phrasal verbs, Topic, Reactions, Agreeing & disagreeing, Binomials | C16: =COUNTIF('Path A – Beginner'!$D$2:$D$221,A16) -> 75
A17: Stage 5 · Connectors | B17: Discourse markers | C17: =COUNTIF('Path A – Beginner'!$D$2:$D$221,A17) -> 10
A18: Stage 6 · Idioms | B18: Idioms, Proverbs & sayings | C18: =COUNTIF('Path A – Beginner'!$D$2:$D$221,A18) -> 20
A19: On demand · Goal-based | B19: Situational, Formal & written | C19: =COUNTIF('Path A – Beginner'!$D$2:$D$221,A19) -> 20
A20: Total | C20: =SUM(C13:C19) -> 220
A22: Chunks per type
A23: Type | C23: Chunks
A24: Clarification & repair | C24: =COUNTIF('Path A – Beginner'!$F$2:$F$221,A24) -> 4
A25: Openers & closers | C25: =COUNTIF('Path A – Beginner'!$F$2:$F$221,A25) -> 3
A26: Fixed expressions | C26: =COUNTIF('Path A – Beginner'!$F$2:$F$221,A26) -> 10
A27: Short replies | C27: =COUNTIF('Path A – Beginner'!$F$2:$F$221,A27) -> 10
A28: Sentence frames | C28: =COUNTIF('Path A – Beginner'!$F$2:$F$221,A28) -> 13
A29: Question frames | C29: =COUNTIF('Path A – Beginner'!$F$2:$F$221,A29) -> 13
A30: Grammatical chunks | C30: =COUNTIF('Path A – Beginner'!$F$2:$F$221,A30) -> 13
A31: Opinion | C31: =COUNTIF('Path A – Beginner'!$F$2:$F$221,A31) -> 3
A32: Polite softeners | C32: =COUNTIF('Path A – Beginner'!$F$2:$F$221,A32) -> 12
A33: Collocations | C33: =COUNTIF('Path A – Beginner'!$F$2:$F$221,A33) -> 23
A34: Polywords | C34: =COUNTIF('Path A – Beginner'!$F$2:$F$221,A34) -> 10
A35: Fillers & time-buyers | C35: =COUNTIF('Path A – Beginner'!$F$2:$F$221,A35) -> 4
... A46: Formal & written | C46: =COUNTIF('Path A – Beginner'!$F$2:$F$221,A46) -> 10
A47: Total | C47: =SUM(C24:C46) -> 220
A49: Chunks per slot
A50: Slot | C50: Chunks
A51: base verb | C51: =COUNTIF('Path A – Beginner'!$H$2:$H$221,A51) -> 27
A52: noun | C52: =COUNTIF('Path A – Beginner'!$H$2:$H$221,A52) -> 18
A53: clause | C53: =COUNTIF('Path A – Beginner'!$H$2:$H$221,A53) -> 12
A54: -ing verb | C54: =COUNTIF('Path A – Beginner'!$H$2:$H$221,A54) -> 6
A55: noun or -ing verb | C55: =COUNTIF('Path A – Beginner'!$H$2:$H$221,A55) -> 4
A56: past participle | C56: =COUNTIF('Path A – Beginner'!$H$2:$H$221,A56) -> 2
A57: adjective + base verb | C57: =COUNTIF('Path A – Beginner'!$H$2:$H$221,A57) -> 1
A58: matching tag | C58: =COUNTIF('Path A – Beginner'!$H$2:$H$221,A58) -> 1
A59: noun or to + verb | C59: =COUNTIF('Path A – Beginner'!$H$2:$H$221,A59) -> 1
A60: No slot | C60: =COUNTIF('Path A – Beginner'!$H$2:$H$221,A60) -> 148
A61: Total | C61: =SUM(C51:C60) -> 220
A63: Chunks per CEFR level (estimated)
A64: CEFR | C64: Chunks
A65: A1 | C65: =COUNTIF('Path A – Beginner'!$G$2:$G$221,A65) -> 56
A66: A2 | C66: =COUNTIF('Path A – Beginner'!$G$2:$G$221,A66) -> 96
A67: B1 | C67: =COUNTIF('Path A – Beginner'!$G$2:$G$221,A67) -> 68
A68: Total | C68: =SUM(C65:C67) -> 220
