Workbook

Sheet Read Me
A1: 100 Hindi → English Sentence Frames
A3: What this is | B3: 100 fill-in-the-blank frames (discontinuous chunks) like "main ___ raha hoon" → "I am ___ing". Each Hindi frame sits next to its English twin, so the learner reuses a frame they already have and only learns where the blank goes in English.
A4: How it's organised | B4: 10 groups of 10: Present, Past, Future & plans, Can/must/should, Wants & feelings, Questions, Comparing & pairs, Linking ideas, Polite & social, Opinions & everyday. Within each group, easiest first (A1 → A2 → B1).
A6: Columns
A7: Hindi frame / English frame | B7: The two twins. ___ marks the blank. Hindi is in Roman script (Hinglish).
A8: Slot | B8: What goes in the English blank: base verb, -ing verb, past participle, noun, clause, etc.
A9: Hindi example / English example | B9: One full sentence each. Use as a speaking drill: learner reads the Hindi and says the English aloud.
A10: Watch out | B10: The most common error Indian learners make with that frame, where there is one.
A11: Also in the 220 list | B11: The matching chunk from the 220-chunk workbook, when there is one. Blank = new frame.
A13: Sheets
A14: Frames | B14: All 100 frames, with filters on the header row.
A15: Summary | B15: Live counts by group, level and slot (formulas).
A17: Judgement calls
A18: Levels | B18: A1/A2/B1 tags are estimates, not taken from an official CEFR list.
A19: Hindi wording | B19: Frames use everyday spoken Hindi, not formal Hindi. Some frames have more than one natural Hindi version; one common version is given.
A20: One-to-one mapping | B20: Hindi and English don't always match one-to-one. Notes in Watch out flag the tricky ones (e.g. "mujhe ___na hai" can mean "I have to" or "I want to").

Sheet Frames
A1: # | B1: Group | C1: Hindi frame | D1: English frame | E1: Slot | F1: Level | G1: Hindi example | H1: English example | I1: Watch out | J1: Also in the 220 list
A2: 1 | B2: 1. Present | C2: main ___ raha hoon | D2: I am ___ing | E2: -ing verb | F2: A1 | G2: Main khana kha raha hoon. | H2: I am eating. | I2: Not "I eating": am is needed
A3: 2 | B3: 1. Present | C3: main roz ___ta hoon | D3: I ___ every day | E3: base verb | F3: A1 | G3: Main roz chai peeta hoon. | H3: I drink tea every day. | I3: Not "I am drinking tea every day" for a habit
A4: 3 | B4: 1. Present | C4: woh ___ta hai | D4: He / She ___s | E4: verb + s | F4: A1 | G4: Woh school jaata hai. | H4: He goes to school. | I4: Not "He go": add -s
A5: 4 | B5: 1. Present | C5: main ___ nahi ___ta | D5: I don't ___ | E5: base verb | F5: A1 | G5: Main coffee nahi peeta. | H5: I don't drink coffee. | I5: Not "I not drink"
A6: 5 | B6: 1. Present | C6: kya tum ___te ho? | D6: Do you ___? | E6: base verb | F6: A1 | G6: Kya tum cricket khelte ho? | H6: Do you play cricket? | I6: Not "Are you play cricket?"
A7: 6 | B7: 1. Present | C7: woh abhi ___ raha hai | D7: He is ___ing right now | E7: -ing verb | F7: A1 | G7: Woh abhi so raha hai. | H7: He is sleeping right now.
A8: 7 | B8: 1. Present | C8: kya tum ___ rahe ho? | D8: Are you ___ing? | E8: -ing verb | F8: A1 | G8: Kya tum sun rahe ho? | H8: Are you listening?
A9: 8 | B9: 1. Present | C9: main ___ nahi raha hoon | D9: I am not ___ing | E9: -ing verb | F9: A2 | G9: Main so nahi raha hoon. | H9: I'm not sleeping.
A10: 9 | B10: 1. Present | C10: main subah se ___ raha hoon | D10: I have been ___ing since morning | E10: -ing verb | F10: B1 | G10: Main subah se padh raha hoon. | H10: I have been studying since morning. | I10: Not "I am studying since morning" | J10: I have been + -ing for/since…
A11: 10 | B11: 1. Present | C11: main ___ta rehta hoon | D11: I keep ___ing | E11: -ing verb | F11: B1 | G11: Main naam bhoolta rehta hoon. | H11: I keep forgetting names. | I11: Not "I keep forget"
A12: 11 | B12: 2. Past | C12: maine ___ kiya | D12: I ___ed | E12: past verb | F12: A1 | G12: Maine kaam khatam kiya. | H12: I finished the work. | I12: Not "I did finished"
A13: 12 | B13: 2. Past | C13: maine ___ nahi kiya | D13: I didn't ___ | E13: base verb | F13: A1 | G13: Maine usse nahi dekha. | H13: I didn't see him. | I13: Not "I didn't saw"
A14: 13 | B14: 2. Past | C14: kya tumne ___ kiya? | D14: Did you ___? | E14: base verb | F14: A1 | G14: Kya tumne homework kiya? | H14: Did you do your homework? | I14: Not "Did you did…?"
A15: 14 | B15: 2. Past | C15: main ___ raha tha | D15: I was ___ing | E15: -ing verb | F15: A2 | G15: Main TV dekh raha tha. | H15: I was watching TV.
A16: 15 | B16: 2. Past | C16: main pehle ___ta tha | D16: I used to ___ | E16: base verb | F16: A2 | G16: Main pehle cricket khelta tha. | H16: I used to play cricket. | I16: Not "I was used to play" | J16: I used to…
A17: 16 | B17: 2. Past | C17: main ___ chuka hoon | D17: I have ___ | E17: past participle | F17: A2 | G17: Main khana kha chuka hoon. | H17: I have eaten. | I17: Not "I have ate"
A18: 17 | B18: 2. Past | C18: maine abhi-abhi ___ hai | D18: I have just ___ | E18: past participle | F18: A2 | G18: Maine abhi-abhi email bheja hai. | H18: I have just sent the email.
A19: 18 | B19: 2. Past | C19: maine kabhi ___ nahi kiya | D19: I have never ___ | E19: past participle | F19: A2 | G19: Maine kabhi sushi nahi khaya. | H19: I have never eaten sushi. | J19: I have never…
A20: 19 | B20: 2. Past | C20: jab main ___ raha tha, tab ___ | D20: While I was ___ing, ___ | E20: -ing verb + clause | F20: B1 | G20: Jab main naha raha tha, tab phone baja. | H20: While I was taking a shower, the phone rang.
A21: 20 | B21: 2. Past | C21: mere pahunchne se pehle hi ___ chuka tha | D21: ___ had already ___ before I arrived | E21: noun + past participle | F21: B1 | G21: Mere pahunchne se pehle hi train ja chuki thi. | H21: The train had already left before I arrived.
A22: 21 | B22: 3. Future & plans | C22: main kal ___unga | D22: I will ___ tomorrow | E22: base verb | F22: A1 | G22: Main kal call karunga. | H22: I will call tomorrow.
A23: 22 | B23: 3. Future & plans | C23: kya tum ___oge? | D23: Will you ___? | E23: base verb | F23: A1 | G23: Kya tum meri madad karoge? | H23: Will you help me?
A24: 23 | B24: 3. Future & plans | C24: main ___ne ja raha hoon | D24: I am going to ___ | E24: base verb | F24: A1 | G24: Main naukri badalne ja raha hoon. | H24: I am going to change my job. | J24: I'm going to…
A25: 24 | B25: 3. Future & plans | C25: main ___ne wala hoon | D25: I am about to ___ | E25: base verb | F25: A2 | G25: Main nikalne wala hoon. | H25: I'm about to leave. | J25: I was about to… (past form)
A26: 25 | B26: 3. Future & plans | C26: mera ___ne ka plan hai | D26: I'm planning to ___ | E26: base verb | F26: A2 | G26: Mera Goa jaane ka plan hai. | H26: I'm planning to go to Goa. | J26: I'm planning to…
A27: 26 | B27: 3. Future & plans | C27: main ___ne ki koshish karunga | D27: I will try to ___ | E27: base verb | F27: A2 | G27: Main jaldi aane ki koshish karunga. | H27: I'll try to come early. | J27: I'm trying to… (present form)
A28: 27 | B28: 3. Future & plans | C28: agar ___, toh main ___unga | D28: If ___, I will ___ | E28: clause + base verb | F28: A2 | G28: Agar baarish hui, toh main nahi aaunga. | H28: If it rains, I won't come. | I28: Not "If it will rain"
A29: 28 | B29: 3. Future & plans | C29: main ___ne ka soch raha hoon | D29: I'm thinking of ___ing | E29: -ing verb | F29: B1 | G29: Main MBA karne ka soch raha hoon. | H29: I'm thinking of doing an MBA. | I29: Not "I'm thinking to do"
A30: 29 | B30: 3. Future & plans | C30: jaise hi ___, main ___unga | D30: As soon as ___, I will ___ | E30: clause + base verb | F30: B1 | G30: Jaise hi main pahunchunga, tumhe call karunga. | H30: As soon as I arrive, I'll call you. | I30: Not "As soon as I will arrive" | J30: as soon as
A31: 30 | B31: 3. Future & plans | C31: ___ tak main ___ kar lunga | D31: I will have ___ by ___ | E31: past participle + time | F31: B1 | G31: Shaam tak main report khatam kar lunga. | H31: I'll have finished the report by evening.
A32: 31 | B32: 4. Can / must / should | C32: main ___ sakta hoon | D32: I can ___ | E32: base verb | F32: A1 | G32: Main tair sakta hoon. | H32: I can swim. | I32: Not "I can to swim"
A33: 32 | B33: 4. Can / must / should | C33: main ___ nahi sakta | D33: I can't ___ | E33: base verb | F33: A1 | G33: Main aaj nahi aa sakta. | H33: I can't come today.
A34: 33 | B34: 4. Can / must / should | C34: kya main ___ sakta hoon? | D34: May I ___? / Can I ___? | E34: base verb | F34: A1 | G34: Kya main andar aa sakta hoon? | H34: May I come in? | J34: Could I…?
A35: 34 | B35: 4. Can / must / should | C35: mujhe ___na hai | D35: I have to ___ | E35: base verb | F35: A1 | G35: Mujhe bank jaana hai. | H35: I have to go to the bank. | I35: In Hindi this can also mean "I want to": check the context
A36: 35 | B36: 4. Can / must / should | C36: mujhe ___na padega | D36: I will have to ___ | E36: base verb | F36: A2 | G36: Mujhe jaldi uthna padega. | H36: I'll have to get up early.
A37: 36 | B37: 4. Can / must / should | C37: tumhe ___na chahiye | D37: You should ___ | E37: base verb | F37: A2 | G37: Tumhe doctor ko dikhana chahiye. | H37: You should see a doctor. | I37: Not "You should to see"
A38: 37 | B38: 4. Can / must / should | C38: tumhe ___ nahi ___na chahiye | D38: You shouldn't ___ | E38: base verb | F38: A2 | G38: Tumhe der tak nahi jaagna chahiye. | H38: You shouldn't stay up late.
A39: 38 | B39: 4. Can / must / should | C39: main ___ paaya | D39: I managed to ___ | E39: base verb | F39: B1 | G39: Main time par pahunch paaya. | H39: I managed to get there on time.
A40: 39 | B40: 4. Can / must / should | C40: ho sakta hai ki woh ___ | D40: He might ___ | E40: base verb | F40: B1 | G40: Ho sakta hai ki woh late aaye. | H40: He might come late. | I40: Not "He might comes"
A41: 40 | B41: 4. Can / must / should | C41: mujhe ___na chahiye tha | D41: I should have ___ | E41: past participle | F41: B1 | G41: Mujhe pehle bata dena chahiye tha. | H41: I should have told you earlier. | I41: Not "I should had told"
A42: 41 | B42: 5. Wants & feelings | C42: mujhe ___ chahiye | D42: I need ___ | E42: noun | F42: A1 | G42: Mujhe ek pen chahiye. | H42: I need a pen.
A43: 42 | B43: 5. Wants & feelings | C43: main ___na chahta hoon | D43: I want to ___ | E43: base verb | F43: A1 | G43: Main English seekhna chahta hoon. | H43: I want to learn English.
A44: 43 | B44: 5. Wants & feelings | C44: mujhe ___na pasand hai | D44: I like ___ing | E44: -ing verb | F44: A1 | G44: Mujhe padhna pasand hai. | H44: I like reading.
A45: 44 | B45: 5. Wants & feelings | C45: mujhe ___ achha nahi lagta | D45: I don't like ___ | E45: noun or -ing verb | F45: A1 | G45: Mujhe bheed achhi nahi lagti. | H45: I don't like crowds.
A46: 45 | B46: 5. Wants & feelings | C46: mujhe ___ se darr lagta hai | D46: I'm afraid of ___ | E46: noun | F46: A2 | G46: Mujhe kutton se darr lagta hai. | H46: I'm afraid of dogs. | I46: Not "afraid from"
A47: 46 | B47: 5. Wants & feelings | C47: mujhe ___ mein dilchaspi hai | D47: I'm interested in ___ | E47: noun or -ing verb | F47: A2 | G47: Mujhe photography mein dilchaspi hai. | H47: I'm interested in photography. | I47: Not "interested for" | J47: interested in
A48: 47 | B48: 5. Wants & feelings | C48: mujhe ___ ki chinta hai | D48: I'm worried about ___ | E48: noun | F48: A2 | G48: Mujhe exam ki chinta hai. | H48: I'm worried about my exam. | I48: Not "worried for my exam"
A49: 48 | B49: 5. Wants & feelings | C49: mera ___ne ka mann hai | D49: I feel like ___ing | E49: -ing verb | F49: B1 | G49: Mera chai peene ka mann hai. | H49: I feel like having tea. | I49: Not "I feel like to have" | J49: I feel like + -ing…
A50: 49 | B50: 5. Wants & feelings | C50: mujhe ___ ki aadat hai | D50: I'm used to ___ing | E50: -ing verb | F50: B1 | G50: Mujhe jaldi uthne ki aadat hai. | H50: I'm used to getting up early. | I50: Not "I'm used to get up" | J50: I'm not used to + -ing
A51: 50 | B51: 5. Wants & feelings | C51: mujhe ___ ka besabri se intezaar hai | D51: I'm really looking forward to ___ | E51: noun or -ing verb | F51: B1 | G51: Mujhe chhuttiyon ka besabri se intezaar hai. | H51: I'm really looking forward to the holidays. | I51: Not "looking forward to meet" | J51: I'm really looking forward to…
A52: 51 | B52: 6. Questions | C52: ___ kab hai? | D52: When is ___? | E52: noun | F52: A1 | G52: Tumhara exam kab hai? | H52: When is your exam?
A53: 52 | B53: 6. Questions | C53: ___ kahan hai? | D53: Where is ___? | E53: noun | F53: A1 | G53: Station kahan hai? | H53: Where is the station?
A54: 53 | B54: 6. Questions | C54: ___ ko English mein kya kehte hain? | D54: What do you call ___ in English? | E54: noun | F54: A1 | G54: Chammach ko English mein kya kehte hain? | H54: What do you call "chammach" in English?
A55: 54 | B55: 6. Questions | C55: ___ ka matlab kya hai? | D55: What does ___ mean? | E55: noun | F55: A1 | G55: "Deadline" ka matlab kya hai? | H55: What does "deadline" mean? | I55: Not "What means deadline?" | J55: What do you mean by…?
A56: 55 | B56: 6. Questions | C56: tumne ___ kyon ___? | D56: Why did you ___? | E56: base verb | F56: A2 | G56: Tumne job kyon chhodi? | H56: Why did you leave your job? | I56: Not "Why you left your job?"
A57: 56 | B57: 6. Questions | C57: ___ kaisa hai? | D57: What is ___ like? | E57: noun | F57: A2 | G57: Tumhara naya office kaisa hai? | H57: What's your new office like? | I57: Not "How is your office like?" | J57: What's … like?
A58: 57 | B58: 6. Questions | C58: tum kitni baar ___te ho? | D58: How often do you ___? | E58: base verb | F58: A2 | G58: Tum kitni baar gym jaate ho? | H58: How often do you go to the gym? | I58: Not "How many times you go?" | J58: How often do you…?
A59: 58 | B59: 6. Questions | C59: ___ne mein kitna time lagta hai? | D59: How long does it take to ___? | E59: base verb | F59: A2 | G59: Office pahunchne mein kitna time lagta hai? | H59: How long does it take to get to the office? | I59: Not "How much time it takes?" | J59: How long does it take to…?
A60: 59 | B60: 6. Questions | C60: kya tumhe pata hai ___ kahan hai? | D60: Do you know where ___ is? | E60: noun | F60: A2 | G60: Kya tumhe pata hai bank kahan hai? | H60: Do you know where the bank is? | I60: Not "Do you know where is the bank?" | J60: Do you know where … is?
A61: 60 | B61: 6. Questions | C61: tum kab se ___ rahe ho? | D61: How long have you been ___ing? | E61: -ing verb | F61: B1 | G61: Tum kab se English seekh rahe ho? | H61: How long have you been learning English? | I61: Not "Since when you are learning?"
A62: 61 | B62: 7. Comparing & pairs | C62: ___ ___ se zyada ___ hai | D62: ___ is ___er than ___ | E62: adjective | F62: A2 | G62: Delhi Mumbai se zyada thanda hai. | H62: Delhi is colder than Mumbai. | I62: Not "more colder"
A63: 62 | B63: 7. Comparing & pairs | C63: ___ sabse ___ hai | D63: ___ is the ___est / the most ___ | E63: adjective | F63: A2 | G63: Yeh sabse achha phone hai. | H63: This is the best phone. | I63: Not "most best"
A64: 63 | B64: 7. Comparing & pairs | C64: ___ utna hi ___ hai jitna ___ | D64: ___ is as ___ as ___ | E64: adjective | F64: A2 | G64: Woh utna hi lamba hai jitna main. | H64: He is as tall as me.
A65: 64 | B65: 7. Comparing & pairs | C65: ___ ___ jaisa dikhta hai | D65: ___ looks like ___ | E65: noun | F65: A2 | G65: Woh apne papa jaisa dikhta hai. | H65: He looks like his father.
A66: 65 | B66: 7. Comparing & pairs | C66: ya toh ___ ya ___ | D66: either ___ or ___ | E66: two options | F66: A2 | G66: Ya toh aaj aao ya kal. | H66: Come either today or tomorrow.
A67: 66 | B67: 7. Comparing & pairs | C67: ___ne ke liye bahut ___ | D67: too ___ to ___ | E67: adjective + base verb | F67: A2 | G67: Yeh uthane ke liye bahut bhaari hai. | H67: It's too heavy to lift. | J67: It's too … to …
A68: 67 | B68: 7. Comparing & pairs | C68: itna ___ ki ___ | D68: so ___ that ___ | E68: adjective + clause | F68: B1 | G68: Itni garmi thi ki hum bahar nahi gaye. | H68: It was so hot that we didn't go out.
A69: 68 | B69: 7. Comparing & pairs | C69: itna ___ nahi ki ___ | D69: not ___ enough to ___ | E69: adjective + base verb | F69: B1 | G69: Main itna lamba nahi hoon ki shelf tak pahunch sakoon. | H69: I'm not tall enough to reach the shelf. | I69: Not "not enough tall"
A70: 69 | B70: 7. Comparing & pairs | C70: jitna zyada ___, utna ___ | D70: The more ___, the ___er | E70: clause + comparative | F70: B1 | G70: Jitna zyada practice karoge, utna achha bologe. | H70: The more you practise, the better you'll speak.
A71: 70 | B71: 7. Comparing & pairs | C71: na ___ na ___ | D71: neither ___ nor ___ | E71: two options | F71: B1 | G71: Mujhe na chai pasand hai na coffee. | H71: I like neither tea nor coffee. | I71: In everyday speech: "I don't like tea or coffee."
A72: 71 | B72: 8. Linking ideas | C72: ___ kyunki ___ | D72: ___ because ___ | E72: clause | F72: A1 | G72: Main late tha kyunki traffic tha. | H72: I was late because there was traffic.
A73: 72 | B73: 8. Linking ideas | C73: ___, isliye ___ | D73: ___, so ___ | E73: clause | F73: A1 | G73: Baarish ho rahi thi, isliye hum ghar par rahe. | H73: It was raining, so we stayed home.
A74: 73 | B74: 8. Linking ideas | C74: ___ se pehle | D74: before ___ing | E74: noun or -ing verb | F74: A2 | G74: Khane se pehle haath dho lo. | H74: Wash your hands before eating.
A75: 74 | B75: 8. Linking ideas | C75: ___ ke baad | D75: after ___ing | E75: noun or -ing verb | F75: A2 | G75: Kaam ke baad hum mile. | H75: We met after work. | J75: After that,…
A76: 75 | B76: 8. Linking ideas | C76: ___ ki wajah se | D76: because of ___ | E76: noun | F76: A2 | G76: Traffic ki wajah se main late hua. | H76: I was late because of the traffic. | I76: Takes a noun: not "because of it was raining"
A77: 76 | B77: 8. Linking ideas | C77: ___ne ke liye (purpose) | D77: to ___ | E77: base verb | F77: A2 | G77: Main paise bachane ke liye bus leta hoon. | H77: I take the bus to save money. | I77: Not "for save money" or "for to save"
A78: 77 | B78: 8. Linking ideas | C78: jab tak ___ nahi, tab tak ___ | D78: until ___ | E78: clause | F78: B1 | G78: Jab tak main na aaun, yahin ruko. | H78: Wait here until I come. | I78: Not "until I don't come"
A79: 78 | B79: 8. Linking ideas | C79: haalanki ___, phir bhi ___ | D79: Although ___, ___ | E79: clause | F79: B1 | G79: Haalanki woh thaka tha, phir bhi usne kaam kiya. | H79: Although he was tired, he kept working. | I79: Not "Although…, but…": use one, not both
A80: 79 | B80: 8. Linking ideas | C80: ___ ke bawajood | D80: in spite of ___ | E80: noun | F80: B1 | G80: Baarish ke bawajood woh aaya. | H80: He came in spite of the rain. | I80: Not "despite of" | J80: in spite of
A81: 80 | B81: 8. Linking ideas | C81: agar main tumhari jagah hota, toh ___ | D81: If I were you, I would ___ | E81: base verb | F81: B1 | G81: Agar main tumhari jagah hota, toh yeh job le leta. | H81: If I were you, I would take this job. | I81: Not "If I were you, I will…" | J81: If I were you, I would…
A82: 81 | B82: 9. Polite & social | C82: chalo ___ | D82: Let's ___ | E82: base verb | F82: A1 | G82: Chalo chalte hain. | H82: Let's go. | J82: Let's…
A83: 82 | B83: 9. Polite & social | C83: kya aap ___ sakte hain? | D83: Could you ___, please? | E83: base verb | F83: A1 | G83: Kya aap dobara bol sakte hain? | H83: Could you say that again, please? | J83: Could you please…?
A84: 83 | B84: 9. Polite & social | C84: ___ ke liye shukriya | D84: Thank you for ___ | E84: noun or -ing verb | F84: A1 | G84: Madad ke liye shukriya. | H84: Thank you for your help. | I84: Not "Thank you for help me"
A85: 84 | B85: 9. Polite & social | C85: mujhe lagta hai ki ___ | D85: I think ___ | E85: clause | F85: A1 | G85: Mujhe lagta hai ki woh sahi hai. | H85: I think he's right. | I85: Not "I am thinking he is right" | J85: I think…
A86: 85 | B86: 9. Polite & social | C86: ___ ke liye maaf kijiye | D86: Sorry for ___ing | E86: noun or -ing verb | F86: A2 | G86: Der se aane ke liye maaf kijiye. | H86: Sorry for coming late.
A87: 86 | B87: 9. Polite & social | C87: mujhe ___ mein madad chahiye | D87: I need help with ___ | E87: noun | F87: A2 | G87: Mujhe is form mein madad chahiye. | H87: I need help with this form. | I87: Not "help in this form" | J87: Can you help me with…?
A88: 87 | B88: 9. Polite & social | C88: kyon na hum ___? | D88: Why don't we ___? | E88: base verb | F88: A2 | G88: Kyon na hum pizza mangwaayein? | H88: Why don't we order pizza? | I88: A suggestion, not a complaint | J88: Why don't we…?
A89: 88 | B89: 9. Polite & social | C89: ___ ko mera namaste kehna | D89: Say hello to ___ for me | E89: noun | F89: A2 | G89: Apni mummy ko mera namaste kehna. | H89: Say hello to your mother for me.
A90: 89 | B90: 9. Polite & social | C90: kya aapko bura lagega agar main ___? | D90: Do you mind if I ___? | E90: base verb | F90: B1 | G90: Kya aapko bura lagega agar main khidki khol doon? | H90: Do you mind if I open the window? | I90: To say yes, answer "No, not at all." | J90: Do you mind if I…?
A91: 90 | B91: 9. Polite & social | C91: main ___ ke baare mein poochna chahta tha | D91: I wanted to ask about ___ | E91: noun | F91: B1 | G91: Main fees ke baare mein poochna chahta tha. | H91: I wanted to ask about the fees.
A92: 91 | B92: 10. Opinions & everyday | C92: mujhe ___ne mein maza aata hai | D92: I enjoy ___ing | E92: -ing verb | F92: A2 | G92: Mujhe khana banane mein maza aata hai. | H92: I enjoy cooking. | I92: Not "I enjoy to cook"
A93: 92 | B93: 10. Opinions & everyday | C93: mujhe ___na yaad dilana | D93: Remind me to ___ | E93: base verb | F93: A2 | G93: Mujhe usse call karna yaad dilana. | H93: Remind me to call him.
A94: 93 | B94: 10. Opinions & everyday | C94: main ___ ke baare mein soch raha tha | D94: I was thinking about ___ | E94: noun or -ing verb | F94: A2 | G94: Main tumhare sawaal ke baare mein soch raha tha. | H94: I was thinking about your question.
A95: 94 | B95: 10. Opinions & everyday | C95: mere hisaab se ___ | D95: In my view, ___ | E95: clause | F95: A2 | G95: Mere hisaab se online classes achhi hain. | H95: In my view, online classes are useful. | J95: In my opinion,…
A96: 95 | B96: 10. Opinions & everyday | C96: mujhe ___na yaad hai | D96: I remember ___ing | E96: -ing verb | F96: B1 | G96: Mujhe usse pehli baar milna yaad hai. | H96: I remember meeting him for the first time.
A97: 96 | B97: 10. Opinions & everyday | C97: mujhe ___ne mein ___ laga | D97: It took me ___ to ___ | E97: time + base verb | F97: B1 | G97: Mujhe yeh seekhne mein ek saal laga. | H97: It took me a year to learn this.
A98: 97 | B98: 10. Opinions & everyday | C98: ab ___ne se kya fayda? | D98: There's no point ___ing | E98: -ing verb | F98: B1 | G98: Ab rone se kya fayda? | H98: There's no point crying now.
A99: 98 | B99: 10. Opinions & everyday | C99: main ___ ka aadi ho raha hoon | D99: I'm getting used to ___ | E99: noun or -ing verb | F99: B1 | G99: Main naye shehar ka aadi ho raha hoon. | H99: I'm getting used to the new city. | J99: I'm not used to + -ing
A100: 99 | B100: 10. Opinions & everyday | C100: ___ ki baat karein toh ___ | D100: When it comes to ___, ___ | E100: noun + clause | F100: B1 | G100: Khane ki baat karein toh mujhe South Indian pasand hai. | H100: When it comes to food, I prefer South Indian.
...

Sheet Summary
A1: Frames per group
A2: Value | B2: Frames
A3: 1. Present | B3: =COUNTIF(Frames!$B$2:$B$101,A3) -> 10
A4: 2. Past | B4: =COUNTIF(Frames!$B$2:$B$101,A4) -> 10
A5: 3. Future & plans | B5: =COUNTIF(Frames!$B$2:$B$101,A5) -> 10
A6: 4. Can / must / should | B6: =COUNTIF(Frames!$B$2:$B$101,A6) -> 10
A7: 5. Wants & feelings | B7: =COUNTIF(Frames!$B$2:$B$101,A7) -> 10
A8: 6. Questions | B8: =COUNTIF(Frames!$B$2:$B$101,A8) -> 10
A9: 7. Comparing & pairs | B9: =COUNTIF(Frames!$B$2:$B$101,A9) -> 10
A10: 8. Linking ideas | B10: =COUNTIF(Frames!$B$2:$B$101,A10) -> 10
A11: 9. Polite & social | B11: =COUNTIF(Frames!$B$2:$B$101,A11) -> 10
A12: 10. Opinions & everyday | B12: =COUNTIF(Frames!$B$2:$B$101,A12) -> 10
A13: Total | B13: =SUM(B3:B12) -> 100
A15: Frames per level (estimated)
A16: Value | B16: Frames
A17: A1 | B17: =COUNTIF(Frames!$F$2:$F$101,A17) -> 31
A18: A2 | B18: =COUNTIF(Frames!$F$2:$F$101,A18) -> 39
A19: B1 | B19: =COUNTIF(Frames!$F$2:$F$101,A19) -> 30
A20: Total | B20: =SUM(B17:B19) -> 100
A22: Frames per slot
A23: Value | B23: Frames
A24: base verb | B24: =COUNTIF(Frames!$E$2:$E$101,A24) -> 32
A25: -ing verb | B25: =COUNTIF(Frames!$E$2:$E$101,A25) -> 15
A26: noun | B26: =COUNTIF(Frames!$E$2:$E$101,A26) -> 15
A27: noun or -ing verb | B27: =COUNTIF(Frames!$E$2:$E$101,A27) -> 9
A28: clause | B28: =COUNTIF(Frames!$E$2:$E$101,A28) -> 6
A29: past participle | B29: =COUNTIF(Frames!$E$2:$E$101,A29) -> 4
A30: adjective | B30: =COUNTIF(Frames!$E$2:$E$101,A30) -> 3
A31: clause + base verb | B31: =COUNTIF(Frames!$E$2:$E$101,A31) -> 2
A32: two options | B32: =COUNTIF(Frames!$E$2:$E$101,A32) -> 2
A33: adjective + base verb | B33: =COUNTIF(Frames!$E$2:$E$101,A33) -> 2
A34: verb + s | B34: =COUNTIF(Frames!$E$2:$E$101,A34) -> 1
A35: past verb | B35: =COUNTIF(Frames!$E$2:$E$101,A35) -> 1
... A43: clause + clause | B43: =COUNTIF(Frames!$E$2:$E$101,A43) -> 1
A44: Total | B44: =SUM(B24:B43) -> 100
A46: Overlap with the 220 list
A47: Frames that match a 220 chunk | B47: =COUNTIF(Frames!$J$2:$J$101,"?*") -> 31
A48: New frames | B48: =100-B47 -> 69
